"krs","raumeinheit","aggregat","apotheken_2017","krankenhausbetten_2016","pflegebedürftige_2017","ambulante_pflege_2017","stationäre_pflege_2017","empfänger_von_pflegegeld_2017","personal_in_pflegeheimen_2017","personal_in_pflegediensten_2017","pflegeheimplätze_2017","betreuungsquote_kleinkinder_2017","siedlungsdichte_2017","freifläche_je_einwohner_2017","waldfläche_je_einwohner_2017","wasserfläche_je_einwohner_2017","einwohnerdichte_2017","einpendler_2017","auspendler_2017","pendler_mit_arbeitsweg_50_km_und_mehr_2017","pendler_mit_arbeitsweg_150_km_und_mehr_2017","pendler_mit_arbeitsweg_300_km_und_mehr_2017","erreichbarkeit_von_autobahnen_2018","erreichbarkeit_von_flughäfen_2018","erreichbarkeit_von_ic_ec_ice_bahnhöfen_2018","erreichbarkeit_von_oberzentren_2018","erreichbarkeit_von_mittelzentren_2018","nahversorgung_supermärkte_durchschnittsdistanz_2017","nahversorgung_supermärkte_anteil_der_bev__1km_radius_2017","nahversorgung_apotheken_durchschnittsdistanz_2017","nahversorgung_apotheken_anteil_der_bev__1km_radius_2017","nahversorgung_grundschulen_durchschnittsdistanz_2017","nahversorgung_grundschulen_anteil_der_bev__1km_radius_2017","nahversorgung_haltestellen_des_öv_durchschnittsdistanz_2017","nahversorgung_haltestellen_des_öv_anteil_der_bev__1km_radius_2017","pkw_dichte_2017"
1001,"Flensburg, Stadt","krsfr. Stadt",27.1,9.47,369.1,29.6,30.1,39.3,100.3,55.7,123.9,35.2,"2.965,50",3.3,"40,9","92,4","1.560",52.4,34.2,14,7.7,3.6,5,98,0,0,0,"500",92,"543",90,"602",89,"180",100,"478"
1002,"Kiel, Stadt","krsfr. Stadt",31.5,9.84,295.2,30.1,26,42.4,74.6,67.8,88.6,34.9,"3.844,70",2.5,"27,7","44","2.090",49.1,30.3,13.1,4.6,3.4,2,64,0,0,0,"460",92,"415",94,"590",89,"193",100,"436"
1003,"Lübeck, Stadt","krsfr. Stadt",27.3,9.15,393.9,20.5,36,42.6,120,44.7,156.1,34.3,"2.718,60",6.8,"152,6","134,8","1.010",43.6,31.3,15,3.9,3,3,9,0,0,0,"532",90,"707",82,"705",88,"276",99,"444"
1004,"Neumünster, Stadt","krsfr. Stadt",32.8,8.62,448.4,23.8,30.4,44.3,126.6,51.9,158.6,29.3,"2.184,30",5,"40,5","23,3","1.108",54.5,38.6,14.7,4.4,3.6,7,47,0,0,0,"588",85,"645",82,"682",81,"187",100,"514"
1051,"Dithmarschen","Landkreis",21.7,5.26,411.9,23.6,28.8,46.4,125.9,43.7,130.8,20.6,"844,5",95.8,"402,7","507,5","93",70.8,73.5,16.7,4,3.1,14,71,19,65,14,"1.864",51,"2.480",41,"1.823",50,"576",87,"583"
1053,"Herzogtum Lauenburg","Landkreis",19.9,3.14,406.7,25.6,28.4,45.2,111.1,56.2,126.2,31.7,"1.344,40",57.6,"1.673,30","265","155",71.7,79.7,15.6,4.1,2.9,10,30,20,31,13,"1.545",63,"2.042",49,"1.804",48,"343",94,"572"
1054,"Nordfriesland","Landkreis",29.6,4.39,370.4,27.7,27.2,43.5,98.9,44.5,111.5,28.1,"740,7",113.5,"528,9","507,2","79",66,65.7,15.1,6.1,3.2,40,122,21,55,36,"1.445",62,"2.559",43,"2.000",48,"721",75,"595"
1055,"Ostholstein","Landkreis",30.4,8.24,440.9,19.5,36.3,43.4,134.1,34.8,176.8,32,"1.208,10",62.4,"704,6","281,8","151",65.9,70.8,15.2,4.4,2.9,9,40,14,32,24,"1.336",64,"1.724",54,"1.811",49,"527",88,"601"
1056,"Pinneberg","Landkreis",24,3.11,358.6,26.2,27.3,45.1,86,39.8,115.4,27.9,"2.171,70",17.2,"187,2","120,4","471",74.2,81,7.2,4.1,3.3,10,30,24,32,10,"807",81,"1.056",66,"849",73,"330",96,"545"
1057,"Plön","Landkreis",23.3,1.93,335.1,19.6,26.8,51.7,87.8,27.5,99.8,34,"1.244,60",77.1,"952,7","857,1","112",74.3,83.8,11.4,3.8,2.9,18,58,24,27,22,"1.686",58,"2.241",47,"1.918",52,"551",86,"597"
1058,"Rendsburg-Eckernförde","Landkreis",26.4,4.11,360.4,25,30.6,43.3,105.6,34,121.3,31.9,"1.117,20",72.1,"934,2","349,7","125",77.6,81.5,12.2,3.6,2.7,13,69,20,27,15,"1.428",60,"1.918",50,"1.679",51,"750",79,"606"
1059,"Schleswig-Flensburg","Landkreis",24.1,3.47,394.6,24.1,33.9,40.8,130.7,51.6,147.8,32.5,"882,8",93.2,"727,4","572,2","96",75.8,79.5,11.6,4.8,2.4,16,97,24,27,19,"1.755",51,"2.411",42,"1.895",48,"788",77,"604"
1060,"Segeberg","Landkreis",21.9,6.13,366.1,21.2,35.9,41.9,118.1,35.8,144.6,33,"1.502,60",43,"858,3","89,2","198",74.7,79.2,12,4.3,3.5,7,32,24,25,10,"1.235",68,"1.699",64,"1.304",64,"460",91,"584"
1061,"Steinburg","Landkreis",25.8,4.5,446.3,23.2,31.1,44.8,124.8,52.4,144.2,26.4,"1.114,10",71.8,"748,1","460,4","125",71.8,76.4,21.6,3.6,2.8,11,47,16,41,14,"1.428",63,"1.813",51,"1.584",56,"1.030",77,"591"
1062,"Stormarn","Landkreis",18.1,4.72,367.4,21.9,36.5,40.5,118.9,38.5,155.4,33.3,"1.784,50",26.6,"436","49,8","334",82.1,83.4,11.7,5.1,4,6,26,23,23,10,"1.220",65,"1.591",54,"1.264",61,"289",98,"603"
2000,"Hamburg, Stadt","krsfr. Stadt",25,6.93,344.9,30,25.2,44.1,77.4,61.3,95.3,43.5,"4.111,30",2.1,"32,5","33,5","2.424",36.3,17.1,8.8,6.3,5.2,6,15,0,0,0,"443",94,"505",92,"557",91,"228",100,"421"
3101,"Braunschweig, Stadt","krsfr. Stadt",32.7,8.07,453.2,26.6,25.9,46.5,95.4,48.6,126.1,36.7,"2.753,40",4.8,"103,1","20","1.287",50,35.4,10.8,5.5,3.2,2,46,3,0,0,"449",94,"504",89,"631",85,"214",100,"542"
3102,"Salzgitter, Stadt","krsfr. Stadt",31.6,4.28,538.7,17.4,23.7,57.4,115,34.4,155.2,16.3,"1.649,30",16.2,"388,7","56,9","466",51.9,39.6,11.2,4.4,2.6,2,53,15,0,0,"785",82,"838",79,"843",77,"226",99,"507"
3103,"Wolfsburg, Stadt","krsfr. Stadt",29.1,4.44,436.2,15.7,21.7,61.5,85.5,28.7,102.6,32.4,"1.930,70",12.2,"394,3","44,9","606",64.6,17.7,6.5,3.8,2.4,4,61,0,0,0,"611",90,"740",77,"828",79,"206",100,"1.125"
3151,"Gifhorn","Landkreis",23.4,2.51,489.7,21.5,19.9,58.1,84.5,47.7,110.3,26.1,"1.026,00",80.6,"3.056,70","131,6","112",68.6,82.4,8.4,3.2,2,23,68,27,29,12,"1.661",57,"2.106",45,"1.446",52,"423",95,"579"
3153,"Goslar","Landkreis",40,7.81,666.9,24.5,30,44.4,184.9,52.8,235.8,32.2,"1.306,30",63.4,"4.110,50","124,5","142",52.1,55.1,16.1,5.5,2.9,13,76,37,36,8,"998",73,"1.066",71,"1.229",64,"391",94,"565"
3154,"Helmstedt","Landkreis",28.3,8.54,495.6,18.5,34.9,45.9,134.5,42.3,186.5,30.6,"1.113,60",65.5,"1.868,40","117,2","136",67.4,80.8,9.1,3.9,2.3,10,65,13,25,13,"1.704",58,"1.894",49,"1.741",47,"293",99,"584"
3155,"Northeim","Landkreis",30.1,3.56,669.2,29.5,23.6,45.8,145.1,58.8,175,29.6,"904,3",85.3,"3.700,10","99,9","105",58.2,62.6,10.6,4.3,2.2,17,80,32,32,7,"1.893",50,"1.983",47,"1.796",47,"870",76,"633"
3157,"Peine","Landkreis",25.5,2.32,505.1,23.6,25.8,49.2,119.2,37.9,154.8,29.3,"1.386,50",33.7,"418,4","90,4","249",60.4,76.1,9.7,4.3,2.5,7,38,22,18,8,"1.230",63,"1.718",49,"1.193",64,"303",97,"599"
3158,"Wolfenbüttel","Landkreis",25.7,2.45,471.1,23.6,25.6,49.6,104.1,40.4,129.4,31.7,"1.369,50",53.6,"1.163,30","66,8","166",65.2,80.7,8.8,3.8,2.1,8,61,18,19,12,"1.612",57,"1.714",52,"1.499",56,"270",98,"601"
3159,"Göttingen","Landkreis",29.6,10.34,516.1,24.3,27.8,47.1,127.8,41.5,162.3,35,"1.376,00",47,"2.271,20","60,1","187",58.9,55.8,12,6.1,2.9,16,83,25,25,10,"1.255",67,"1.424",65,"1.085",73,"385",93,"542"
3241,"Region Hannover","Landkreis",27.5,6.17,450.7,26,25.2,47.8,100.9,61.8,132.4,31.2,"2.263,60",16.1,"400,5","60,8","502",60.5,54.8,10.1,5.9,3.5,8,22,19,18,3,"639",86,"805",82,"749",81,"235",100,"490"
3251,"Diepholz","Landkreis",26.9,2.23,462.2,25.7,22.2,51.1,109.6,49.6,118.2,29.5,"863,8",81.3,"945,5","182,3","108",68.9,75.3,10.7,3.8,2.2,28,47,34,45,11,"1.402",57,"2.030",47,"1.723",43,"864",76,"619"
3252,"Hameln-Pyrmont","Landkreis",31.7,7.45,626.8,27.9,26.1,45,168,57.8,186.1,28.5,"1.297,10",46.9,"1.718,50","75,3","186",56.4,59.1,12.4,4.2,2,23,51,35,42,9,"1.119",70,"1.488",61,"1.155",65,"368",93,"600"
3254,"Hildesheim","Landkreis",26.7,6.15,544,27.1,25,46.8,130.3,62.8,155.6,27.9,"1.491,90",37.7,"1.068,80","60,7","229",60.3,65.1,11.1,4.9,2.9,13,49,17,18,10,"1.059",68,"1.363",59,"1.116",64,"336",96,"561"
3255,"Holzminden","Landkreis",33.7,2.89,648.4,30.2,26.6,42,153.6,63.3,194.1,24.8,"960,2",88.3,"4.484,60","114,3","102",66.1,70.4,12.2,3.9,1.7,44,76,46,55,13,"1.454",63,"1.774",52,"1.440",54,"360",96,"609"
3256,"Nienburg (Weser)","Landkreis",28,2.95,554,21.7,24.8,52.2,140,42,159.9,26.6,"763,5",103,"2.178,50","262","87",66.2,72.4,15.8,3.8,2.1,32,52,18,51,15,"1.608",54,"2.367",40,"1.675",46,"657",85,"608"
3257,"Schaumburg","Landkreis",30.4,3.76,612.4,24.1,30.2,44.7,172.3,67.2,207.8,27.9,"1.309,00",35.7,"1.110,70","74,4","234",71.5,78.2,12.2,4.6,2.4,8,35,23,35,5,"1.267",60,"1.474",49,"1.489",43,"432",92,"613"
3351,"Celle","Landkreis",28,3.89,547.5,23.4,25.9,50,130.6,47.2,158.5,28.1,"969,4",77.4,"4.037,50","126,1","115",58.2,63.9,13.5,4.8,2.7,27,49,25,24,19,"1.197",69,"1.490",59,"1.332",58,"418",94,"588"
3352,"Cuxhaven","Landkreis",26.8,3.4,494,23.6,23.8,51.5,132.9,45.8,130,30.2,"837,4",92.9,"957,6","274,9","96",50.8,68.2,16.9,4.8,2.3,13,58,55,26,13,"1.625",56,"2.066",49,"1.658",53,"617",87,"606"
3353,"Harburg","Landkreis",19.9,2.96,377.2,27,24.7,47.8,85.1,44.3,102.3,32.5,"1.203,30",42.1,"1.404,60","93","201",71.9,82.6,10.8,5.2,4,6,43,23,29,10,"1.347",58,"1.915",43,"1.303",56,"429",92,"628"
3354,"Lüchow-Dannenberg","Landkreis",29,2.42,633.6,25.8,26.7,46.1,166.9,63.3,182,31.2,"484,9",234.2,"9.481,20","554","39",68.2,71.8,21.9,7.2,3.9,53,116,41,69,20,"2.960",38,"3.819",29,"2.513",31,"1.834",56,"613"
3355,"Lüneburg","Landkreis",22.4,4.86,411.4,26.6,29,44,110,46.4,131,37.2,"1.194,60",65.1,"2.415,10","185,5","138",66,71.3,24,4.8,2.8,21,67,25,26,23,"1.366",66,"2.218",49,"1.375",58,"427",94,"545"
3356,"Osterholz","Landkreis",23,1.91,431.9,22,27.1,50.3,111.5,40.2,128.7,28.3,"1.129,00",49.5,"687,9","137,8","173",67.2,80.8,8.7,3.9,2.5,13,28,26,26,12,"1.405",53,"1.770",44,"1.213",61,"709",80,"610"
3357,"Rotenburg (Wümme)","Landkreis",22,6.37,461.4,21.2,22.7,54.7,107.9,34.6,122.2,24.8,"714,7",113.9,"2.190,60","119,5","79",66.4,71.5,18.2,3.5,2.3,17,47,40,44,11,"1.920",50,"3.148",34,"2.022",42,"1.059",73,"649"
3358,"Heidekreis","Landkreis",22.3,3.31,478,23.3,25.1,50.7,107,42.8,132.1,28.8,"716,8",122.7,"5.535,40","130","74",58.3,63.4,18.2,4.3,3,8,44,34,46,9,"1.539",62,"2.132",46,"1.655",52,"1.074",69,"603"
3359,"Stade","Landkreis",27.7,4.61,427.8,21.1,24.9,52.6,111.4,28.6,114.9,28.7,"1.277,80",55.4,"452,8","424,5","159",65.5,73.6,12,4.1,3,16,68,52,58,14,"1.128",68,"1.539",58,"1.231",62,"384",94,"588"
3360,"Uelzen","Landkreis",31.3,8.87,562.8,26.3,31.8,40.9,146.2,63.2,192,33.6,"726,7",145,"5.456,10","112","63",61.6,66.1,18.6,3.9,2,41,88,18,43,17,"1.780",56,"2.354",47,"1.837",49,"676",82,"587"
3361,"Verden","Landkreis",22.7,1.93,430.8,19.2,27.1,52.3,117.1,28.1,135,27.3,"1.153,00",49.8,"773","133,4","173",70,74,10.9,3.8,2.6,6,27,13,30,8,"1.168",62,"1.736",48,"1.333",55,"497",89,"606"
3401,"Delmenhorst, Stadt","krsfr. Stadt",29.7,4.63,472.3,18.4,14.3,66.7,71.5,37.8,80,16,"2.578,90",4.5,"26,8","16,1","1.241",53.9,64.3,9.2,4.7,2.1,4,15,0,18,0,"575",91,"655",82,"693",82,"203",100,"526"
3402,"Emden, Stadt","krsfr. Stadt",23.7,6.93,491.4,25.6,19.4,54,101.4,37.9,107.1,23.3,"1.621,50",16.6,"38,3","160,1","450",60.5,26.1,9.9,6.9,2.9,4,82,0,51,0,"803",80,"1.007",62,"695",84,"239",99,"467"
3403,"Oldenburg (Oldenburg), Stadt","krsfr. Stadt",29.9,10.28,396.4,28.3,23.3,47.1,85.5,85.3,106.1,40.6,"2.738,10",2.9,"42,1","23,3","1.621",51.6,36.5,17.8,6.8,3.2,3,35,0,0,0,"511",92,"631",83,"600",90,"216",100,"507"
3404,"Osnabrück, Stadt","krsfr. Stadt",39.5,12.88,353.3,28.5,22.7,48.2,93.5,57.2,84.3,31.2,"2.781,30",4.1,"123,3","11,3","1.372",58.4,39.3,13.9,5.8,2.3,4,25,0,0,0,"560",88,"516",90,"663",82,"208",100,"494"
3405,"Wilhelmshaven, Stadt","krsfr. Stadt",32.8,8.19,567.5,23.8,24.4,50.6,122.8,57.5,154.5,17.5,"1.586,90",8.4,"143,1","77,7","713",42.2,31.2,14.3,6.7,3.6,9,70,42,0,0,"509",90,"661",84,"767",75,"229",99,"512"
3451,"Ammerland","Landkreis",26.7,6.8,426.3,22.4,21.9,54.8,87.7,49.4,108.5,31.9,"975,4",49.8,"635,7","152,2","169",65.4,69,11.9,4.6,2.4,5,47,17,18,3,"1.368",58,"1.663",48,"1.444",50,"588",85,"615"
3452,"Aurich","Landkreis",29,3.69,572.2,25.5,13.9,59.7,93.8,70.8,95.6,21.7,"998,5",58.6,"291,3","219,3","148",58.6,63.7,8.4,4.9,2.1,22,95,21,60,12,"1.457",53,"1.938",40,"1.359",48,"750",77,"589"
3453,"Cloppenburg","Landkreis",25,2.87,480.4,20.8,17.9,60.1,116.2,33.5,102.2,23.8,"841,2",73.6,"1.174,80","146,1","118",62.9,65.3,11.3,4.3,1.9,20,59,35,39,10,"1.318",59,"2.019",45,"1.203",58,"1.732",54,"559"
3454,"Emsland","Landkreis",26.6,5.47,503.8,29.7,14.2,55.1,86.1,55.3,79.3,26.8,"821",77.6,"1.637,70","229","112",61.9,60.1,12.1,4.7,2.1,16,69,17,60,15,"1.241",63,"1.941",48,"1.115",63,"1.265",74,"582"
3455,"Friesland","Landkreis",30.5,5.05,514.5,25.5,21.4,52.2,118.4,55,124.5,24.6,"993,4",52.6,"456,3","153,1","162",61.5,68.7,11.2,4.9,2.6,9,64,36,23,8,"1.185",63,"1.358",54,"1.178",62,"559",86,"637"
3456,"Grafschaft Bentheim","Landkreis",24.3,4.41,486.2,33.3,19.4,46.5,128.4,80.1,101.2,28.5,"958,4",62.6,"1.196,60","156","138",55.3,58.1,9.1,3.8,1.9,16,61,22,60,16,"1.149",66,"1.597",57,"1.123",65,"893",79,"586"
3457,"Leer","Landkreis",24.3,4.19,527.4,24,16.7,58.7,102.6,55.4,99.3,18.8,"1.030,30",55,"211","381,8","156",61.2,69.9,12,4.7,2,10,75,16,44,15,"1.371",55,"1.944",43,"1.215",54,"916",72,"579"
3458,"Oldenburg","Landkreis",22.3,1.77,441.4,19.2,27.6,52.1,132.1,42.2,131.8,27.3,"858",71.3,"1.589,70","102,5","122",64.3,76.7,12.1,6.9,2.7,5,29,20,23,13,"1.464",55,"1.940",47,"1.472",50,"924",76,"612"
3459,"Osnabrück","Landkreis",27.5,4.53,437.3,27,22.6,49.4,120.9,46.2,104.4,27.6,"1.137,20",51.3,"1.206,60","105","168",66.2,71.5,9,3.6,1.5,11,41,23,25,11,"1.097",64,"1.364",55,"1.124",59,"608",85,"614"
3460,"Vechta","Landkreis",26.3,6.36,387,23.7,20.8,54.6,99,37.6,90.1,30.9,"1.024,30",48.8,"801,2","87,2","173",62.8,58.1,8.9,3,1.3,7,44,33,34,9,"1.168",64,"1.601",50,"1.040",65,"1.294",61,"581"
3461,"Wesermarsch","Landkreis",25.8,2.21,510.7,24.6,26.4,47.4,130.9,58.9,154.1,27.6,"906,4",82.5,"181,8","428,5","108",54.8,60.9,11.4,3.8,2.4,18,46,35,27,11,"1.305",60,"2.135",48,"1.433",64,"816",82,"576"
3462,"Wittmund","Landkreis",33.5,2.88,606.4,28.6,16.4,53.8,111.1,53.6,115.6,22.3,"769",103.4,"711,1","262,3","86",57.7,67.4,11.3,4.8,2.5,24,83,41,37,13,"1.827",50,"2.250",37,"2.166",37,"1.066",61,"605"
4011,"Bremen, Stadt","krsfr. Stadt",26.2,7.3,409.6,27.7,21.4,49.9,106.2,68.7,100.2,27,"2.939,70",2.9,"9,6","41,8","1.741",42.8,22.3,12.1,5.4,3.6,5,6,4,0,0,"440",95,"476",93,"554",92,"236",100,"425"
4012,"Bremerhaven, Stadt","krsfr. Stadt",25.7,9.34,507.3,30.7,12.3,56.5,64,68.7,75.6,20.6,"2.568,20",5.1,"32","225,3","1.207",46.6,28.9,17.1,4.6,2.9,3,43,41,0,0,"477",92,"538",89,"555",91,"228",100,"430"
5111,"Düsseldorf, Stadt","krsfr. Stadt",30.3,8.32,373.4,25.3,20.4,53.8,69.9,47.8,82.2,33.2,"4.643,60",1.8,"43","21,4","2.839",62,35.3,9.6,6.2,3.9,7,10,4,0,0,"423",94,"410",93,"487",92,"185",100,"493"
5112,"Duisburg, Stadt","krsfr. Stadt",23.3,9.26,504.4,18.7,20.4,60.4,95.7,40.5,107.6,16.1,"3.515,20",2.3,"48,1","39,6","2.140",49.5,48.2,8.3,3.6,2.3,2,20,0,0,0,"437",95,"521",91,"528",93,"207",100,"450"
5113,"Essen, Stadt","krsfr. Stadt",24.2,9.67,410.6,22.7,27.7,49,114.6,49.1,122.5,26.2,"4.134,30",1.7,"50,9","9,2","2.774",51.5,41.2,8,4,2.6,0,22,0,0,0,"464",94,"498",92,"529",93,"208",100,"484"
5114,"Krefeld, Stadt","krsfr. Stadt",29.1,9.22,496.3,19.8,19,60.7,117.4,37.4,99.6,23.5,"2.942,20",3.3,"58,7","18,1","1.645",54,47.9,9.7,3.9,2.7,7,20,2,0,0,"558",89,"621",84,"619",87,"208",100,"509"
5116,"Mönchengladbach, Stadt","krsfr. Stadt",26.3,8.18,482.8,18.5,18.7,62.3,102.8,42.9,93.4,16.3,"3.100,60",3.7,"71,2","2,6","1.538",44.7,42.9,10.3,3.6,2.3,4,26,2,0,0,"601",85,"659",82,"660",85,"173",100,"510"
5117,"Mülheim an der Ruhr, Stadt","krsfr. Stadt",26.3,5.28,417.8,26,23.8,49.1,99.1,63.1,105.9,26.5,"3.377,30",2.9,"102,2","11,4","1.876",59.9,59,8.3,3.8,2.5,7,22,0,13,0,"553",91,"523",92,"602",89,"201",100,"534"
5119,"Oberhausen, Stadt","krsfr. Stadt",23.2,6.97,493.5,27.2,17.9,54.6,87.8,56.2,102.4,19.5,"3.724,80",1.4,"52,5","4","2.743",55.9,61.1,8.2,3.2,2,4,23,0,13,0,"472",95,"565",89,"553",93,"171",100,"510"
5120,"Remscheid, Stadt","krsfr. Stadt",24.4,9.22,473.2,24.6,18.7,55.9,89.9,60.6,91.4,23.9,"3.400,50",4.2,"213,8","10,9","1.484",47.1,41.8,4.9,2,1.3,3,32,20,20,0,"706",76,"747",76,"594",88,"178",100,"540"
5122,"Solingen, Stadt","krsfr. Stadt",24.6,6.61,487.4,22.4,23,53,118.6,38.7,123.9,26.9,"3.659,10",3.3,"154,7","6,7","1.774",36.3,45,5.6,2.9,1.9,11,32,11,20,0,"580",88,"692",80,"698",81,"197",100,"563"
5124,"Wuppertal, Stadt","krsfr. Stadt",22.6,5.73,405,24.7,24.3,49.6,107.8,53.2,106.8,17.4,"4.280,20",2.8,"134,6","5,4","2.100",39.8,39,7.6,3.1,1.9,3,31,0,0,0,"584",85,"615",82,"530",91,"174",100,"471"
5154,"Kleve","Landkreis",22.5,5.78,509.6,25.4,18.8,55.3,109.1,55.4,105.5,23.6,"1.489,40",33.7,"583,8","150,9","252",59.3,64.1,13.5,3.2,2.3,8,21,38,39,6,"1.072",69,"1.412",59,"1.138",66,"410",92,"592"
5158,"Mettmann","Landkreis",25.3,4.65,421.4,22.4,22.8,54.2,97.8,36.9,104.9,26.9,"3.002,70",5.6,"171,1","16,5","1.192",70.9,70.4,7.5,3.8,2.4,3,18,13,17,0,"552",90,"657",81,"613",87,"209",100,"590"
5162,"Rhein-Kreis Neuss","Landkreis",24.7,4.58,427.4,16.7,19.6,63.2,78.1,23.1,88.2,28.2,"2.494,40",9.2,"96,3","37","780",65.3,70.5,8.6,4,2.5,3,24,16,15,2,"701",82,"753",78,"703",83,"236",100,"586"
5166,"Viersen","Landkreis",25.4,4.81,496.5,19.8,15.8,63.9,90.6,34.6,82.8,26.5,"2.044,60",14.4,"363,5","35,6","530",64.9,71.3,10.4,3.6,2.3,3,28,15,15,1,"752",77,"860",70,"894",70,"309",96,"605"
5170,"Wesel","Landkreis",23.7,5.44,546.2,22.7,17.3,59.5,103.8,41,100,21.8,"1.964,10",18.3,"417,7","106,5","442",66.2,72.7,11,3.1,2.1,3,32,23,25,2,"794",80,"904",75,"918",74,"318",96,"599"
5314,"Bonn, Stadt","krsfr. Stadt",32,12.78,351,25.3,24.8,49.2,92,39,93.8,32.4,"4.539,60",2.4,"122,6","17,1","2.307",58.8,37.3,10.8,5.5,3.2,2,18,1,0,0,"458",93,"435",95,"523",92,"170",100,"536"
5315,"Köln, Stadt","krsfr. Stadt",23.4,6.65,338.4,21.8,20.2,57.5,71.4,36.3,72.8,29.7,"4.374,60",1.9,"62,7","17,9","2.668",48.8,30.1,10.3,5.9,3.6,4,15,4,0,0,"409",96,"459",93,"496",94,"224",100,"435"
5316,"Leverkusen, Stadt","krsfr. Stadt",26.9,6.63,413.8,19.6,18.9,61.1,77.3,30.6,83.8,25,"3.526,90",2.5,"64,7","20,8","2.074",56.3,55.5,7.4,3.2,1.8,4,17,15,20,0,"579",88,"582",89,"591",90,"190",100,"531"
5334,"Städteregion Aachen","Landkreis",28.2,7.31,478,20.8,20,58.7,107.7,42.4,103.2,28.6,"2.807,80",9.6,"404","18,9","784",57.8,55.1,11.2,3.6,2.3,10,36,16,15,1,"675",84,"763",80,"691",83,"208",99,"510"
5358,"Düren","Landkreis",19.8,6.83,514.4,17.6,19.7,62.2,116,34,109.6,23.8,"1.720,70",30.6,"747,3","60,8","279",65.7,70.8,10.5,3,1.9,9,42,27,26,9,"1.173",62,"1.537",54,"1.366",61,"269",98,"590"
5362,"Rhein-Erft-Kreis","Landkreis",24.4,3.08,393.5,21.7,19.1,58.8,78.4,35,81.7,27.6,"2.409,90",11.4,"207,4","24,6","663",71.2,77.6,9.7,4.1,2.5,3,26,23,20,0,"693",82,"778",78,"757",81,"258",99,"576"
5366,"Euskirchen","Landkreis",28.6,5.55,565.2,22.7,21.6,55.3,127.8,50.7,129.3,21.9,"1.149,30",57.2,"2.515,00","55,7","154",63.7,71.2,14.3,3,1.7,10,46,43,42,8,"1.649",51,"2.005",46,"1.743",46,"275",97,"688"
5370,"Heinsberg","Landkreis",23.3,4.06,524.6,21.7,17.9,59.7,128.4,55.9,102.4,22,"1.765,70",19.8,"293,9","27,1","403",64.5,72.9,12.9,3,1.8,6,33,26,24,2,"1.135",62,"1.388",52,"1.103",61,"282",98,"601"
5374,"Oberbergischer Kreis","Landkreis",23.4,5.55,515.3,24.1,22.8,52.3,135.8,56.2,126.8,19.2,"1.504,90",27.7,"1.346,30","59,8","297",65.7,66.8,9.7,2.5,1.4,10,40,35,33,6,"1.198",58,"1.507",49,"1.207",55,"441",91,"626"
5378,"Rheinisch-Bergischer Kreis","Landkreis",25.1,4.16,443.5,24.8,20.3,54.4,97.4,46.7,94.1,29.1,"2.594,70",12,"571,3","25,9","648",63.5,74.4,8.4,4,2.4,6,24,20,25,5,"802",74,"1.019",64,"858",71,"284",98,"616"
5382,"Rhein-Sieg-Kreis","Landkreis",24.7,2.43,404.9,19.6,21,58.8,84.8,34,93.3,26.7,"2.169,40",15.2,"602,3","38","519",69.7,78.5,10,4,2.3,8,26,17,21,4,"1.027",69,"1.031",67,"930",70,"311",97,"588"
5512,"Bottrop, Stadt","krsfr. Stadt",22.2,6,471.6,22.3,24,52.5,126.6,42.1,120.6,21.8,"2.682,00",5.4,"201,1","14,4","1.167",56.4,64,6.9,2.8,1.8,4,30,13,19,0,"554",89,"609",89,"657",85,"194",100,"559"
5513,"Gelsenkirchen, Stadt","krsfr. Stadt",26.9,6.76,456.7,21.5,20.8,56.7,98.4,44.9,106.9,19.7,"3.430,50",1.6,"50,9","5,5","2.481",53.7,55.3,9.8,3,1.9,4,38,9,19,0,"401",98,"476",94,"549",90,"183",100,"457"
5515,"Münster, Stadt","krsfr. Stadt",30,11.99,270.3,28.3,29.8,40.4,94.6,49.6,86.7,33.6,"3.087,70",6.9,"170,9","19","1.034",49.4,26.7,14,5.2,2.9,8,21,5,0,0,"479",92,"499",91,"591",89,"199",99,"450"
5554,"Borken","Landkreis",23.8,5.08,377.9,29.6,20.2,49.1,106.5,48.1,82.4,27.1,"1.512,10",32.3,"594,6","60","260",52,53.5,11.3,2.6,1.5,9,54,33,49,5,"826",81,"1.082",67,"1.004",71,"511",90,"575"
5558,"Coesfeld","Landkreis",22.8,3.91,363,25.8,27.3,45.8,121.4,40,108.1,34,"1.433,20",44.5,"832,9","93,3","197",60.4,69.7,10.9,3,1.9,9,34,25,29,7,"884",77,"1.315",61,"1.065",68,"467",90,"605"
5562,"Recklinghausen","Landkreis",27.4,7.98,505.2,24.1,21,54,114.1,60.4,114.2,23.6,"2.484,30",8.8,"330,2","37,1","810",60.1,69.7,11.3,3.3,2.1,4,37,14,24,0,"583",90,"710",81,"728",80,"204",99,"552"
5566,"Steinfurt","Landkreis",26.2,4.71,393.5,27.9,20.9,50.4,101.5,48.9,88.7,30.5,"1.400,90",33.6,"611,1","63,5","249",60.6,65.8,9,3.4,1.7,8,23,17,26,6,"850",76,"1.109",63,"1.057",67,"440",92,"580"
5570,"Warendorf","Landkreis",25.9,4.84,368.1,26.6,23.3,49,102.8,45.1,90.9,28.5,"1.449,30",41.4,"641,8","89","210",57.5,65.3,9.4,3.3,1.8,13,33,22,31,7,"886",78,"1.112",62,"1.083",70,"473",90,"587"
5711,"Bielefeld, Stadt","krsfr. Stadt",23.8,11.92,416.1,30.9,19.1,48.9,88.2,87.1,88.1,27.9,"2.967,90",4.9,"171,6","5,7","1.285",43.8,30.7,7.8,4,1.6,5,39,2,0,0,"599",87,"667",81,"703",80,"215",100,"489"
5754,"Gütersloh","Landkreis",22.6,3.93,366.1,31.4,17.3,50.4,79.2,59.9,73.9,24.5,"1.723,10",21.4,"393,5","35,9","375",65.1,60.7,7,3.8,2,7,41,13,21,6,"892",74,"1.194",59,"1.026",67,"418",92,"599"
5758,"Herford","Landkreis",24.6,4.35,405,25.3,22.2,51.1,100.1,55.9,100.7,27.4,"1.830,70",12.8,"167,4","19,4","558",67.9,70.2,6.6,3.3,1.6,5,49,6,24,3,"879",69,"1.004",62,"1.023",62,"267",98,"619"
5762,"Höxter","Landkreis",30.4,7.51,497.2,28.6,19.7,50.6,116.7,52.8,108.1,22.7,"1.081,10",76.3,"2.525,40","80,5","118",53.8,62.2,13,4.1,1.6,25,46,18,35,4,"1.534",58,"2.192",46,"2.261",39,"332",97,"606"
5766,"Lippe","Landkreis",26.9,4.66,386.7,25.1,26.5,46.9,105.6,42.5,119,25.4,"1.644,10",30.4,"1.109,20","30,2","280",60.6,67,7.1,3.7,1.5,21,48,22,31,4,"1.022",67,"1.349",57,"1.233",58,"271",98,"597"
5770,"Minden-Lübbecke","Landkreis",26.7,7.56,443.1,25.7,23.1,50,109.9,51.2,119.5,23.7,"1.326,40",30,"447,3","110,5","270",63.1,62,9.4,3.8,1.7,19,59,17,42,5,"1.204",59,"1.437",54,"1.482",48,"450",91,"622"
5774,"Paderborn","Landkreis",24.2,5.79,352.4,24.3,22.8,51.8,97.7,36.9,86.9,28,"1.558,50",35.1,"1.200,40","58,9","245",53.8,54.9,10.1,4.5,1.8,8,18,13,14,7,"858",80,"1.335",64,"1.091",70,"272",98,"567"
5911,"Bochum, Stadt","krsfr. Stadt",28.5,9.66,421.8,24,21.6,53.6,88.5,60.3,99.3,27.3,"3.616,60",1.7,"43,5","3,8","2.509",50.2,48.9,11.1,3.7,2.4,4,30,0,0,0,"502",91,"538",89,"619",87,"190",100,"515"
5913,"Dortmund, Stadt","krsfr. Stadt",24,6.68,391.4,26.5,22.9,49.6,84.7,60.2,96.6,27.1,"3.506,50",2.3,"69,5","4,4","2.090",45.1,38.5,12.5,4.4,3,6,18,0,0,0,"495",91,"569",86,"583",89,"195",100,"474"
5914,"Hagen, Stadt","krsfr. Stadt",24.5,8.98,513.1,23.2,20.4,55.3,100.3,54.9,114.4,19.8,"3.329,70",5.9,"367,4","19,3","1.170",45.1,42.8,7.6,2.5,1.6,4,21,3,0,0,"584",87,"626",85,"639",85,"162",100,"506"
5915,"Hamm, Stadt","krsfr. Stadt",25.7,9.93,375.9,23.3,26.6,48.8,111.6,49.5,111.4,23,"2.403,20",8.9,"130,8","28,9","791",37.4,42.1,13.3,3.4,2,10,25,0,38,0,"661",86,"713",81,"738",79,"227",98,"521"
5916,"Herne, Stadt","krsfr. Stadt",23,10.3,512.4,21.9,20.6,56.4,101.1,41.8,117.2,21.2,"4.015,70",1.2,"39,8","6,6","3.043",57.3,63,9.4,3.1,2,1,31,3,11,0,"451",96,"670",79,"537",93,"176",100,"479"
5954,"Ennepe-Ruhr-Kreis","Landkreis",25.9,5.84,436.2,26.3,24.4,48.2,106.4,49.7,118.1,25.3,"2.738,40",9.3,"381,3","21,7","793",65,69.2,8,3.1,1.9,6,29,15,15,1,"786",76,"812",73,"771",79,"235",98,"593"
5958,"Hochsauerlandkreis","Landkreis",29.8,8,423,28.5,22.2,48.1,109.3,49.2,105.4,25.2,"1.076,50",66.4,"4.154,00","63,4","133",45.1,45.7,9,2.6,1.2,16,45,43,47,3,"1.222",64,"2.048",45,"1.493",58,"381",94,"610"
5962,"Märkischer Kreis","Landkreis",27.1,6.92,441,22.7,22.8,53.6,103.4,38.3,110.4,21.3,"2.287,20",21.6,"1.307,40","30,2","390",53.6,53.9,6.4,2.1,1.3,9,34,27,24,3,"891",74,"1.052",63,"990",68,"236",98,"591"
5966,"Olpe","Landkreis",28.2,6.25,440,18.9,19.5,60.4,106.9,43.6,92.4,23,"1.273,50",45.5,"3.143,60","90,1","189",58.6,58,6.6,2.1,1.2,16,58,50,30,4,"1.287",59,"1.837",47,"1.663",49,"334",96,"634"
5970,"Siegen-Wittgenstein","Landkreis",28.1,7.61,447.2,28.1,16,55,84.4,47,77.4,23.7,"1.497,70",34.5,"2.613,10","23,2","245",59.9,58.1,8,2.6,1.4,20,70,48,21,4,"1.122",62,"1.409",51,"1.150",59,"267",98,"608"
5974,"Soest","Landkreis",25.2,6.81,400.5,24.5,28,46.2,112,43.6,131.3,27.7,"1.469,50",37.8,"900,9","87,2","227",58.1,60.9,10.4,3.1,1.6,8,23,14,36,6,"1.095",69,"1.462",58,"1.234",62,"442",91,"600"
5978,"Unna","Landkreis",26.9,6.76,473.9,27.2,20.6,51.3,100.1,71.9,105.6,24.7,"2.291,10",9.9,"199,5","20,4","725",67.9,71.8,11.8,3.5,2.3,5,14,21,23,1,"746",81,"845",73,"831",73,"240",99,"584"
6411,"Darmstadt, Stadt","krsfr. Stadt",29.7,9.62,291.9,28.2,22.6,48,69.6,58.1,72.9,34.6,"3.696,70",5.4,"345,8","5,7","1.296",69,48.4,9.9,5.5,2.7,3,18,0,0,0,"457",92,"397",96,"518",94,"195",100,"452"
6412,"Frankfurt am Main, Stadt","krsfr. Stadt",26,8,330.6,26.6,17.3,55.4,56.6,61.7,66.2,37.9,"5.145,20",1.7,"50,2","7,1","3.008",64.2,32,9.1,6.4,3,4,14,3,0,0,"320",99,"352",98,"450",98,"183",100,"441"
6413,"Offenbach am Main, Stadt","krsfr. Stadt",29.2,9.12,352.5,26.4,19.4,53.9,58.1,45.4,73.8,25.4,"5.746,70",2.1,"119,5","9,3","2.822",68.9,71.2,9.1,5,2.2,5,15,11,0,0,"321",99,"428",94,"487",96,"175",100,"429"
6414,"Wiesbaden, Stadt","krsfr. Stadt",33.4,7.45,355.9,28.1,21.9,49.5,66.7,42.8,86.8,32.6,"3.470,20",4.9,"202,9","19,3","1.366",56.5,45.4,8.5,4.9,2.3,3,19,0,0,0,"486",92,"472",90,"558",91,"169",100,"512"
6431,"Bergstraße","Landkreis",27.2,3.56,428,24.9,21.9,52.5,84.7,57,109,27.7,"2.276,60",22.8,"1.073,70","61,4","374",67.8,77.3,12.3,3.4,1.8,10,42,11,23,7,"939",73,"1.017",69,"865",72,"268",98,"620"
6432,"Darmstadt-Dieburg","Landkreis",23.3,1.45,324.9,20.3,20.3,58.5,63.1,31.6,73.4,25.1,"2.372,20",18.3,"782,4","27","449",74.4,83.6,9.7,4,1.9,12,30,16,16,6,"812",79,"912",76,"765",81,"276",99,"610"
6433,"Groß-Gerau","Landkreis",27.6,3.92,370.2,19.7,17,62.6,64,30.4,72,20.1,"2.523,70",13.1,"402,1","86,7","599",77.8,80.1,8.4,4.7,2.1,5,17,13,15,5,"584",89,"553",91,"618",88,"226",99,"608"
6434,"Hochtaunuskreis","Landkreis",28.4,5.1,365.9,17.2,27.2,54.8,80.4,22.5,113.1,34.7,"2.459,30",16.7,"1.015,10","12,1","490",80,78.5,7.8,4.8,2.3,11,29,24,25,4,"753",82,"804",81,"801",83,"214",100,"688"
6435,"Main-Kinzig-Kreis","Landkreis",26.1,4.07,400.9,19.5,19.3,60.4,76.1,32.9,84.3,25.3,"1.872,90",28.5,"1.448,70","43,9","299",72.4,77.4,12.7,4.1,1.8,6,44,22,22,6,"874",76,"1.070",74,"816",78,"304",97,"591"
6436,"Main-Taunus-Kreis","Landkreis",23.6,2.91,353.2,26.6,17.3,55.2,54.2,39.6,69.1,31.5,"3.264,90",6.7,"228,4","13,6","1.066",85.4,84.7,7.5,4.9,2.2,4,14,12,17,0,"720",82,"600",91,"613",90,"217",100,"755"
6437,"Odenwaldkreis","Landkreis",24.8,4.54,479.4,21.7,26.2,51.2,117.6,58.3,138.3,26.6,"1.428,90",58.1,"3.623,70","35,1","155",68,76.2,10.7,2.3,1.2,33,58,34,36,9,"1.720",54,"1.792",53,"1.360",60,"393",93,"622"
6438,"Offenbach","Landkreis",25.3,2,317.8,19.3,20.7,59.2,60.8,23.8,71.6,22.9,"3.284,40",7.3,"442,4","20,9","987",78.4,80.9,7.7,4.8,2.3,4,17,12,12,0,"540",91,"536",91,"621",87,"216",100,"589"
6439,"Rheingau-Taunus-Kreis","Landkreis",25.7,4.11,390.9,24.6,21.1,53.3,74.4,32.9,89.5,32.7,"1.717,30",38.2,"2.417,40","80,4","230",70.9,81.3,14.2,4.4,2,13,34,21,22,5,"1.295",60,"1.515",56,"1.352",57,"272",98,"629"
6440,"Wetteraukreis","Landkreis",21,4.43,458.4,20.1,22.8,56.1,88.2,32.2,118.8,28.8,"1.761,10",30.8,"1.054,00","44,1","277",71.9,79.8,10.7,4.2,1.8,8,39,25,25,5,"1.014",68,"1.457",52,"1.066",64,"277",99,"598"
6531,"Gießen","Landkreis",27,8.79,417.6,19.9,20.2,58.8,75,38,97.3,29.6,"1.697,40",26.6,"1.125,00","41,6","312",73.5,73.8,16.5,4.3,1.6,7,49,18,18,6,"990",71,"1.283",65,"971",70,"271",98,"549"
6532,"Lahn-Dill-Kreis","Landkreis",25.6,7.04,520.3,21.3,19.4,58.1,109.9,45,115.4,25.1,"1.417,90",35.4,"2.013,00","49,4","238",70,71.3,9.6,2.6,1.1,7,59,27,16,7,"1.162",61,"1.479",54,"1.159",63,"364",95,"618"
6533,"Limburg-Weilburg","Landkreis",30.8,5.8,450.4,20.6,19.7,58.7,87.9,42,100,26.9,"1.341,30",36,"1.479,20","49,7","233",73.7,78.2,22.5,3.5,1.6,11,44,14,28,9,"1.295",58,"1.403",55,"1.420",54,"342",94,"624"
6534,"Marburg-Biedenkopf","Landkreis",32.1,6.21,497.5,25.2,17,57,90,69.2,93,31.9,"1.387,90",44.6,"2.103,30","55,2","195",64.5,65.1,10.3,3.7,1.7,24,75,17,17,6,"1.217",63,"1.361",58,"1.177",64,"322",97,"557"
6535,"Vogelsbergkreis","Landkreis",24.4,6.34,600.7,21.7,18.9,58.2,107.3,48.9,135.6,27.5,"698,4",123.7,"5.373,60","142,6","73",59.9,69,13.2,3.2,1.2,14,70,29,30,10,"1.788",50,"3.264",35,"2.217",39,"438",92,"650"
6611,"Kassel, Stadt","krsfr. Stadt",32.4,13.23,476.8,35.1,17.7,46.5,78.9,96.9,94.3,28.9,"3.078,80",2.8,"117,1","11,5","1.880",57.9,35.4,10.6,7.1,2.5,6,57,7,0,0,"409",97,"455",93,"559",93,"190",100,"433"
6631,"Fulda","Landkreis",26.6,6.64,498.8,19.6,21.3,57.8,121.5,43.2,122.1,25.8,"1.130,70",54,"2.259,20","51,3","161",70,68.1,11.7,4.4,1.7,12,77,17,17,12,"1.320",61,"1.778",51,"1.109",68,"525",88,"610"
6632,"Hersfeld-Rotenburg","Landkreis",26.4,8.25,588.3,20.8,19.3,59,112.9,42.5,124.9,29,"899,8",80.1,"4.156,20","98,5","110",69.6,68.3,12.3,5.7,2.1,8,67,11,39,7,"1.481",55,"2.368",41,"1.558",53,"481",90,"625"
6633,"Kassel","Landkreis",25.4,4.02,516.7,22.3,24.1,52.6,122.9,51.5,138.4,29.2,"1.302,20",47.6,"2.167,50","58","183",76,80.5,7.6,4.9,1.8,16,54,22,22,9,"1.007",72,"1.483",63,"1.221",64,"289",98,"605"
6634,"Schwalm-Eder-Kreis","Landkreis",27.7,3.55,529.5,25.6,20.9,52.7,114,49.9,132,30.5,"948,7",75.2,"3.057,50","123,8","117",67.4,75,9.9,4.4,1.6,8,71,27,31,7,"1.558",53,"1.891",45,"1.521",51,"527",91,"630"
6635,"Waldeck-Frankenberg","Landkreis",26.7,10.75,555.5,23.3,24.2,51.5,139.4,57.5,148.2,25.9,"845,4",106.6,"5.368,90","200,1","85",59.7,60.4,8.6,3.3,1.2,27,64,35,39,8,"1.686",57,"2.345",45,"1.915",53,"247",99,"636"
6636,"Werra-Meißner-Kreis","Landkreis",26.7,5.82,689.6,25.5,22,51.4,142.4,69.4,174.6,30.3,"857,7",90.5,"4.395,70","138,9","99",60.2,69,12.3,5,1.9,10,68,26,37,6,"1.493",58,"2.123",46,"1.766",49,"439",91,"603"
7111,"Koblenz, Stadt","krsfr. Stadt",33.4,17.66,430.6,23.9,28.4,46.4,119.2,86.9,145.6,26.7,"2.969,30",6.4,"318,2","49,6","1.082",66.6,40,12.6,4.5,1.9,4,60,0,0,0,"719",79,"592",86,"522",93,"175",100,"528"
7131,"Ahrweiler","Landkreis",26.4,5.89,484.4,21.5,21.3,56.6,111.7,46.2,120.9,31.5,"1.206,80",54,"3.238,40","98,2","164",69.4,77.3,13,3.4,1.8,12,46,26,32,10,"1.453",54,"1.911",49,"1.405",51,"558",87,"628"
7132,"Altenkirchen (Westerwald)","Landkreis",24.8,2.99,470.7,21.2,19.5,58.5,90.2,42.9,103.9,24.2,"1.268,40",42.8,"2.589,90","46,1","200",80.7,81.9,9.7,2.7,1.4,20,57,44,32,8,"1.495",49,"1.835",37,"1.438",47,"1.155",67,"622"
7133,"Bad Kreuznach","Landkreis",26.7,6.09,411,24.3,20.3,54.4,79.6,39.8,100.5,29,"1.310,80",48.3,"2.204,80","55","182",73,74.5,14.3,3.2,1.4,21,45,30,43,9,"1.905",45,"1.819",49,"1.292",57,"537",88,"607"
7134,"Birkenfeld","Landkreis",29.7,8.3,445.1,15.9,26.3,56.7,108.9,26.9,135.3,27,"926,5",86.8,"5.336,10","51,3","104",66,61.8,12.7,3.1,1.4,21,40,49,52,9,"1.621",49,"2.165",42,"1.999",38,"1.728",62,"629"
7135,"Cochem-Zell","Landkreis",32.4,7.19,602.6,30.9,19.9,48,122.9,69.7,146.1,28.8,"808,3",101.7,"5.643,30","196,4","89",77.6,75.6,13.5,3.7,1.8,17,41,42,43,11,"2.606",32,"2.910",31,"1.817",46,"469",90,"641"
7137,"Mayen-Koblenz","Landkreis",22.5,3.53,449.3,20.4,18.5,60,94.2,36.9,98.2,30,"1.540,10",32.5,"1.244,40","71,4","261",77.8,80.1,9.8,3.3,1.7,8,56,19,21,10,"1.407",62,"1.529",61,"813",78,"483",92,"619"
7138,"Neuwied","Landkreis",26.4,8.88,468.7,19.9,22.2,57,106.9,34.3,124,25.5,"1.578,10",29,"1.586,60","71,4","290",71.8,74.7,10.6,3,1.7,10,40,21,27,9,"1.247",55,"1.368",55,"1.071",64,"449",89,"626"
7140,"Rhein-Hunsrück-Kreis","Landkreis",22.3,4.33,465.9,24.9,20.4,53.6,100,34.3,112.5,28.1,"864,6",86,"4.414,80","87,9","104",77.5,75.4,14.2,3.3,1.4,14,27,32,41,9,"2.143",45,"2.668",39,"1.948",46,"1.185",65,"649"
7141,"Rhein-Lahn-Kreis","Landkreis",25.3,8.15,424.2,26,19.6,53.4,87.8,27.2,105.1,31.5,"1.287,90",57.2,"3.001,50","112,2","156",77,78,12.9,3.5,1.6,24,58,22,31,9,"1.721",48,"2.117",43,"1.686",48,"410",92,"631"
7143,"Westerwaldkreis","Landkreis",21.9,2.66,402.8,19.6,22.8,56.6,96.8,47.4,112.7,27.3,"1.232,30",42.1,"2.106,00","66,4","203",83.1,82.6,11.3,3.2,1.5,15,57,21,31,8,"1.679",42,"2.293",35,"1.411",48,"811",75,"644"
7211,"Trier, Stadt","krsfr. Stadt",38.2,13.88,274.3,22.9,28.9,47.3,88.8,36.3,92.9,34.7,"2.980,60",7.9,"469,8","36,4","940",55.7,27.8,10.8,6.2,2.3,5,29,1,0,0,"704",78,"541",87,"534",92,"171",100,"457"
7231,"Bernkastel-Wittlich","Landkreis",24.1,4.43,409.1,27.9,23,47.8,103.5,39.7,111.7,31.1,"863,8",94,"5.302,90","149,9","96",71.3,71.2,8.8,3.7,1.6,14,38,38,38,13,"2.066",41,"2.592",35,"1.390",56,"1.443",62,"641"
7232,"Eifelkreis Bitburg-Prüm","Landkreis",25.5,6.12,415.5,25.5,19.5,54,85,41.3,97.6,26.4,"594,5",150.9,"6.049,40","99","60",77.7,69.7,9.1,3.7,1.7,15,59,51,50,13,"2.782",36,"3.479",30,"2.281",40,"1.936",48,"637"
7233,"Vulkaneifel","Landkreis",23.1,3.82,501.6,19.6,21.6,57.2,104.8,40,126.8,26.2,"617",136.4,"6.945,70","99,5","67",77.2,72.3,15.1,3.9,1.6,13,67,52,52,12,"2.603",35,"3.321",28,"2.218",38,"2.090",49,"647"
7235,"Trier-Saarburg","Landkreis",24.2,2.5,338.4,20.7,27,50.3,89.8,22.2,104.8,38.7,"1.080,90",66.7,"3.576,80","94,2","135",77,82.7,7.5,3.7,1.4,13,39,27,26,13,"2.016",42,"2.198",40,"1.292",57,"1.090",71,"635"
7311,"Frankenthal (Pfalz), Stadt","krsfr. Stadt",35.1,6.5,367.6,14.7,28.8,55.3,79.1,40.1,124.7,20.1,"2.992,40",6.2,"19,2","21,7","1.103",69.7,69.3,9,2.9,1.7,3,46,14,11,0,"487",95,"431",95,"432",96,"193",100,"536"
7312,"Kaiserslautern, Stadt","krsfr. Stadt",38.1,11.56,344.8,21.6,29,48.8,91.3,35,116.5,29.1,"2.523,60",10.5,"874,2","8,5","714",58.5,37.9,18.8,5.6,2.5,5,45,2,0,0,"795",76,"678",79,"611",89,"177",100,"499"
7313,"Landau in der Pfalz, Stadt","krsfr. Stadt",41,18.35,456.2,39.9,19.8,39.6,77.6,75.4,100.4,32.5,"2.372,70",14.2,"575,9","10,2","558",68.7,59.5,15.7,4.1,2.6,2,44,15,27,0,"759",75,"677",81,"615",89,"210",100,"565"
7314,"Ludwigshafen am Rhein, Stadt","krsfr. Stadt",32,12.22,349.3,20.6,22.3,56.3,59.8,41.1,88.8,24.2,"3.544,30",2.2,"21,5","24,2","2.176",68.9,50.5,10.2,4.1,2.6,2,50,3,0,0,"385",97,"347",99,"478",96,"195",100,"476"
7315,"Mainz, Stadt","krsfr. Stadt",32.5,10.68,268.7,22.4,26.1,50.8,66.7,39.8,81.4,30,"4.462,90",2.6,"17,3","16,8","2.201",63,49.4,10.2,5.5,2.3,5,22,0,0,0,"379",98,"414",95,"513",94,"193",100,"452"
7316,"Neustadt an der Weinstraße, Stadt","krsfr. Stadt",33.7,6.84,384.4,23.3,21.8,54.6,77.2,53.6,96.7,27.6,"2.308,70",18.4,"962,3","19,5","456",55.9,61.8,11.5,3.8,2.1,3,54,0,23,0,"766",74,"882",72,"607",85,"212",100,"595"
7317,"Pirmasens, Stadt","krsfr. Stadt",51.7,10.64,600.8,30.3,23.9,44.7,139.3,87.1,165.9,24.1,"2.104,20",11.3,"611,1","7,9","662",58.1,38.4,11.9,3.9,1.8,4,36,24,37,0,"790",74,"854",72,"687",82,"154",100,"548"
7318,"Speyer, Stadt","krsfr. Stadt",33.4,12.88,411.3,16.1,36.5,46,153,44.6,172.8,32.4,"2.665,10",5.2,"193,6","79,3","1.192",69.5,53.9,7.7,3.2,2.2,6,58,23,21,0,"462",96,"390",97,"598",93,"203",99,"562"
7319,"Worms, Stadt","krsfr. Stadt",36.1,8.43,349.9,19.2,27.3,52.3,95.1,33.5,129.4,18.9,"2.555,60",9.8,"52,6","54,5","764",51,49.9,13.3,4.1,1.9,4,45,0,20,0,"529",86,"614",87,"599",88,"178",100,"531"
7320,"Zweibrücken, Stadt","krsfr. Stadt",32.1,6.36,469.2,25.1,18.7,55.6,77.6,34.4,93.4,30,"1.735,20",15.5,"498,4","20,7","485",62.1,55.5,9.4,4.7,2.4,1,21,10,26,0,"852",79,"1.085",62,"893",75,"236",96,"601"
7331,"Alzey-Worms","Landkreis",24.1,4.83,315.6,19.7,20.9,58.6,61.6,25.7,78.5,31.8,"1.440,00",39.7,"255,8","72,7","219",76,86.1,13,3.6,1.5,6,39,19,26,9,"1.326",53,"1.784",50,"1.149",61,"476",90,"631"
7332,"Bad Dürkheim","Landkreis",25.6,3.93,354.1,15,27.6,56.3,77.4,23.8,123,33.2,"1.722,10",40,"2.354,50","24,7","223",72.2,83,10,3.5,1.9,8,59,17,21,7,"1.502",55,"1.144",59,"844",72,"292",98,"655"
7333,"Donnersbergkreis","Landkreis",21.3,2.7,419.3,22.8,25.2,51,99.7,30,130.6,31.5,"1.078,90",77.8,"2.901,90","51,7","116",77.2,80.1,14.9,3.6,1.6,11,54,27,28,9,"1.675",43,"2.451",36,"1.574",51,"331",97,"637"
7334,"Germersheim","Landkreis",24.9,2.5,349,17.5,17.8,64,63,26.8,71.1,31.8,"1.724,50",30.9,"1.465,90","176,7","277",79.3,82.7,9,3.2,1.9,7,41,19,21,5,"1.013",71,"1.018",71,"696",83,"378",99,"617"
7335,"Kaiserslautern","Landkreis",26.5,5.03,401.2,27.8,17.5,53.9,66.8,40.4,80.4,29.8,"1.100,60",52.5,"3.059,80","32,7","165",80.9,87,14.5,3.8,1.6,8,44,17,18,11,"1.394",56,"1.522",57,"1.111",64,"336",97,"623"
7336,"Kusel","Landkreis",26.8,0,476.5,25.3,18.8,55.5,77.7,33.6,104.6,26.4,"1.018,90",72.6,"2.980,90","61,6","123",79.7,86.2,10.3,3.3,1.1,15,48,30,32,9,"1.763",42,"2.180",35,"1.706",39,"328",97,"651"
7337,"Südliche Weinstraße","Landkreis",28,6.35,355.4,18.6,15.9,64.6,52.4,22.2,68.2,31.3,"1.399,90",51.8,"2.648,70","39,2","173",79.7,85,11.4,3.5,2,10,49,21,32,5,"1.519",48,"1.556",54,"1.244",58,"320",96,"665"
7338,"Rhein-Pfalz-Kreis","Landkreis",27.3,0,377.7,30.9,17.3,51.2,67,31.2,81.5,32.3,"2.239,20",16.1,"347","99,7","504",74.6,88.6,8.6,3.1,1.9,5,56,15,15,7,"758",75,"628",86,"645",85,"261",99,"637"
7339,"Mainz-Bingen","Landkreis",24.8,1.64,283,17.6,24,57.6,65,20.7,85.8,41,"1.871,60",24.3,"477,1","92,5","347",77,85,13.6,3.9,1.8,8,34,15,23,7,"1.130",66,"1.142",70,"859",76,"328",97,"640"
7340,"Südwestpfalz","Landkreis",29.3,2.38,466.3,21.8,15.8,61.8,64.9,33,82.4,36.8,"1.023,30",91.7,"6.384,00","51","100",72.7,87.2,12.2,3.7,1.7,16,46,32,42,12,"2.076",39,"2.108",40,"1.522",49,"461",92,"681"
8111,"Stuttgart, Stadt","krsfr. Stadt",25,7.91,274,16.6,27.9,54.8,77.9,25.6,82,36.5,"5.902,50",1.8,"78,6","4,3","3.052",60.3,36.4,9.3,6.1,2.9,12,15,0,0,0,"403",96,"447",93,"487",96,"222",100,"471"
8115,"Böblingen","Landkreis",23.1,2.85,318.9,16.7,21.9,60.4,78.2,22.9,74.5,25.5,"2.760,40",12.7,"549,3","6,6","631",79.6,78,7.5,4.2,2,6,20,12,23,6,"613",85,"659",84,"587",88,"260",99,"627"
8116,"Esslingen","Landkreis",23.7,3.56,338.5,20.2,22.4,56.3,78.1,31.8,85.3,26.1,"3.337,00",9.3,"352,3","11,5","830",76.2,77.1,6.3,3.9,2,7,16,14,23,8,"626",85,"698",83,"533",92,"223",100,"601"
8117,"Göppingen","Landkreis",28.9,4.87,396.5,23.3,21.7,54.2,92.2,37.9,91.7,19.9,"2.395,70",21.2,"807,3","11,5","399",74,77.4,10.2,3.2,1.5,15,35,14,36,8,"872",75,"1.002",72,"634",88,"251",99,"617"
8118,"Ludwigsburg","Landkreis",20.6,3.2,323.9,21.2,22.8,55.3,83.8,29.2,92.1,27,"3.184,60",9.8,"230,7","17,1","790",76.8,79.9,6.3,3.6,1.8,8,31,16,23,6,"625",87,"781",82,"591",89,"232",100,"590"
8119,"Rems-Murr-Kreis","Landkreis",23.1,3.15,369.9,19.2,23.3,56.7,91.4,34,93,23.6,"2.775,70",16.8,"792","12,7","495",74,78,5.7,3.1,1.5,26,43,28,31,9,"808",79,"914",76,"648",86,"285",97,"599"
8121,"Heilbronn, Stadt","krsfr. Stadt",32,8.7,430.4,21,26,51.9,103,39.5,132,22.7,"3.476,30",5.4,"113,7","17,6","1.253",63.2,49.6,10.8,4.1,2,8,50,42,0,0,"480",93,"471",91,"505",93,"191",100,"516"
8125,"Heilbronn","Landkreis",21.4,3.59,346.3,19.5,23.5,55.9,81.4,31.6,93.9,24.7,"1.753,30",27.1,"825,2","36,9","310",77.9,79.4,8.7,3.3,1.7,9,53,38,20,14,"1.058",67,"1.331",62,"693",84,"335",98,"670"
8126,"Hohenlohekreis","Landkreis",20.6,2.56,394,15.2,26.5,56.2,104.8,36.4,113.5,22.2,"1.077,10",60.9,"1.967,20","75","143",76,72.8,7.1,2.2,1.1,11,66,37,36,10,"1.503",53,"2.059",37,"1.280",56,"374",93,"703"
8127,"Schwäbisch Hall","Landkreis",19.6,3.81,396.4,23.7,22.7,52.4,91.8,39,98.5,20.4,"1.101,70",67.8,"2.425,00","71,3","131",63.6,64.5,8.4,2.9,1.5,14,76,21,43,13,"1.430",58,"2.208",45,"1.314",63,"529",88,"629"
8128,"Main-Tauber-Kreis","Landkreis",25.7,8.21,479.3,20.1,23.7,55,125.1,41.5,126.8,27.6,"925,5",88.4,"2.920,60","80,7","101",64.7,64.6,9.9,3.8,1.7,13,79,34,35,9,"1.580",56,"2.268",46,"1.402",64,"589",88,"647"
8135,"Heidenheim","Landkreis",24.2,4.08,390.7,17.9,23.8,57.1,98.4,27.2,100.1,23.6,"1.650,70",41.9,"2.044,30","19,5","210",63.6,65.2,7.7,3,1.3,10,70,23,25,10,"956",76,"1.384",63,"680",83,"364",95,"602"
8136,"Ostalbkreis","Landkreis",23.7,3.39,346.7,16.3,25.3,57.4,95.5,27.6,95.2,23,"1.578,40",42.5,"1.900,20","37,4","207",63.3,64.1,9.4,2.7,1.2,16,76,18,33,9,"1.184",66,"1.714",54,"818",79,"299",97,"624"
8211,"Baden-Baden, Stadt","krsfr. Stadt",42,13.9,434.4,18.8,31.2,48.9,149.9,34,149.5,30.5,"2.635,70",22.3,"1.577,70","24,9","390",67,50,12.5,4.8,3,6,12,3,28,0,"635",81,"704",80,"628",87,"219",100,"612"
8212,"Karlsruhe, Stadt","krsfr. Stadt",28.2,8.87,319.6,16.7,29.1,53.6,95.3,25.7,98.1,36.9,"3.853,70",3.4,"144,9","22,5","1.799",58.3,37.7,13.5,5.6,3,5,28,2,0,0,"431",94,"427",93,"471",95,"215",100,"442"
8215,"Karlsruhe","Landkreis",26.9,2.03,395.3,18.8,22.3,58,91.6,34.3,98.6,30.3,"2.239,90",20.4,"832,3","54,1","408",73.5,77.8,9.4,3.7,2,10,41,13,20,9,"892",71,"808",81,"591",89,"317",99,"606"
8216,"Rastatt","Landkreis",28.2,2.59,395.2,16.9,18.8,63.5,72,26.2,81.1,28.5,"2.168,80",27.8,"1.628,80","96,4","312",71.3,73.5,8.5,2.9,1.9,11,20,15,28,5,"785",78,"883",74,"651",87,"296",98,"630"
8221,"Heidelberg, Stadt","krsfr. Stadt",31.8,18.85,273.8,21.6,25.7,51.2,74.7,44.7,77.1,43.3,"4.847,60",4.9,"275,5","15,8","1.475",69.2,45.2,14.4,5.7,3.7,5,50,1,0,0,"461",92,"438",90,"491",93,"176",100,"369"
8222,"Mannheim, Stadt","krsfr. Stadt",32.1,7.82,397.5,18.5,23,57.4,87.4,31.4,100.9,29.4,"3.653,10",2.3,"58,8","24,8","2.125",60.5,39.9,13,4.6,2.8,4,48,1,0,0,"395",97,"362",97,"480",93,"198",100,"478"
8225,"Neckar-Odenwald-Kreis","Landkreis",25.8,3.5,536.6,22.2,20.9,56,115,48.7,124.6,22.3,"1.176,30",70.7,"3.312,70","53,6","127",65.5,72.9,10.9,3.1,1.8,20,75,47,42,10,"1.435",57,"1.784",51,"1.169",65,"427",93,"625"
8226,"Rhein-Neckar-Kreis","Landkreis",28.3,2.76,399.5,19.1,20.7,59.4,89.2,32.9,92.9,31.6,"2.592,20",15.9,"693,8","30,4","515",76.7,81.9,10,3.3,2.1,9,56,18,19,6,"657",86,"737",82,"627",87,"246",99,"621"
8231,"Pforzheim, Stadt","Landkreis",31.4,9.59,514.5,15.8,23.6,59.4,133.6,28.6,138.5,19.7,"4.065,70",5.7,"404,5","5,9","1.267",53.6,45.1,9.6,3.8,2.1,4,33,0,0,0,"463",94,"497",93,"501",93,"147",100,"475"
8235,"Calw","Landkreis",24.1,7.94,418.9,17,24.3,58.2,106.7,36.7,110.8,24.5,"1.739,10",45.3,"3.128,60","20,6","197",63.9,74.7,9.6,3.2,1.6,24,45,26,32,8,"1.360",58,"1.727",45,"928",71,"316",96,"625"
8236,"Enzkreis","Landkreis",23.7,1.63,442.4,25.4,18.8,55.2,106.5,48.6,88.2,25.1,"2.124,80",24.5,"1.107,00","16,5","346",74,80.8,7.2,3,1.6,10,36,12,14,9,"894",71,"1.135",64,"707",82,"247",100,"634"
8237,"Freudenstadt","Landkreis",26.4,4.1,401.7,16.3,28.4,54.2,117.6,28.6,119.9,21.6,"1.380,70",67.3,"4.649,70","44,3","135",62.4,65.4,12.2,2.8,1.5,28,55,24,46,9,"1.629",49,"1.960",42,"1.065",66,"536",88,"616"
8311,"Freiburg im Breisgau, Stadt","krsfr. Stadt",31.4,9.83,277.7,18.6,28.7,52.1,88.3,26.6,86.1,41.4,"4.662,70",4.8,"286,2","8,8","1.500",54.9,30.5,11.1,7,4.2,6,43,0,0,0,"416",95,"379",97,"455",98,"209",100,"391"
8315,"Breisgau-Hochschwarzwald","Landkreis",27.1,5.11,323.6,20,23.2,56.1,78.5,29.6,80.4,30.5,"1.796,30",47.4,"2.502,20","77,9","190",72.2,77.8,7.9,5.2,2.8,19,53,23,25,9,"1.181",63,"1.296",60,"847",75,"387",93,"577"
8316,"Emmendingen","Landkreis",27.3,6.17,358.4,19.9,22,57.3,87.4,35.9,83.8,31,"2.152,50",37,"1.890,70","59,6","242",71.3,78.4,6.6,3.8,2.3,13,53,23,23,10,"921",74,"1.197",66,"716",82,"317",96,"582"
8317,"Ortenaukreis","Landkreis",25.6,5.38,400.6,20.4,23.6,54.3,115.1,34.5,105.2,30.4,"1.916,20",38.8,"2.066,50","88,4","229",66.3,66.9,8.8,3.1,1.7,15,37,19,21,8,"952",70,"1.298",61,"751",82,"524",89,"608"
8325,"Rottweil","Landkreis",24.5,6,391,16.4,22.4,60.6,98.4,24.1,93,23.3,"1.381,90",48.5,"2.378,50","33","180",67.6,69,8.6,2.3,1.1,11,58,16,29,9,"1.284",57,"1.666",49,"844",73,"294",98,"641"
8326,"Schwarzwald-Baar-Kreis","Landkreis",26,6.15,407.4,20.5,25.4,52.8,103.3,38.7,110.1,26.1,"1.767,60",43.4,"2.223,40","32,1","206",58,57.9,8,3,1.9,16,70,10,16,11,"1.036",73,"1.366",63,"781",81,"284",97,"593"
8327,"Tuttlingen","Landkreis",21.5,2.61,349.9,13.9,21.1,63.8,86.9,20.2,79.1,21.9,"1.597,70",46.8,"2.635,50","25,3","190",66.8,64,5.5,2,1.2,15,71,13,33,12,"1.001",76,"1.643",56,"947",74,"254",99,"597"
8335,"Konstanz","Landkreis",24.6,5.85,343.6,19.6,24.7,55,88.2,33,89.1,31.7,"2.204,20",24.7,"964,2","34","347",56.5,57.4,9.2,4.7,2.5,9,53,12,28,7,"860",78,"1.217",67,"754",81,"257",98,"541"
8336,"Lörrach","Landkreis",25.4,3.63,331.3,18.6,25.6,55.3,97.3,25.7,92,25.8,"2.194,90",31.2,"1.823,50","40,5","283",64.6,63.4,7.1,4.2,2.8,13,26,21,18,11,"1.041",71,"1.132",69,"732",82,"430",91,"581"
8337,"Waldshut","Landkreis",26.4,4.18,324.7,12.8,28.2,57.9,89,27.8,100.2,23.1,"1.454,40",60.1,"3.276,50","86","150",63,63.7,7,3.4,2,16,44,34,46,18,"1.228",63,"1.791",48,"1.000",71,"410",93,"603"
8415,"Reutlingen","Landkreis",24.5,4.32,357.4,16.4,21.1,61.6,86.9,27.1,78.4,28.8,"1.963,80",33.6,"1.451,00","9,6","262",65.3,66.8,6.7,3.2,1.5,34,42,22,22,11,"926",75,"1.117",70,"763",82,"285",98,"603"
8416,"Tübingen","Landkreis",23.5,8.53,293.2,15.4,21.5,62.4,69.9,28.9,65.7,34.2,"2.394,00",19.2,"797,5","21","435",64.9,67.7,9,4,2.1,16,33,12,13,5,"954",72,"1.022",71,"600",88,"234",99,"530"
8417,"Zollernalbkreis","Landkreis",25,2.92,420.2,17.8,18.5,62.7,93,39.9,93.7,24.8,"1.504,90",42.5,"1.989,20","20,2","205",58.9,64.1,9.1,2.7,1.4,27,60,30,38,8,"1.150",61,"1.492",54,"898",71,"322",97,"648"
8421,"Ulm, Stadt","krsfr. Stadt",28.7,12.28,351,17.6,25.5,55.7,93.9,31.1,103.7,32.5,"3.204,80",6.6,"182,4","14","1.058",67.2,39.7,12.1,5.5,2.2,9,52,0,0,0,"576",86,"778",80,"477",94,"201",100,"511"
8425,"Alb-Donau-Kreis","Landkreis",23.6,2.16,342.2,19.1,20.6,59.3,79.2,23.3,78.3,19.8,"1.228,80",62.2,"2.071,50","55,8","143",66.3,78.1,9.2,3.6,1.5,17,57,22,23,8,"1.383",60,"1.950",51,"893",74,"402",94,"619"
8426,"Biberach","Landkreis",19.7,4.07,334.4,14.1,22.1,63.1,86.4,24.1,78.5,22.8,"1.187,40",63.1,"2.027,90","77,2","141",71.4,72.4,7.9,2.8,1.4,30,64,18,31,10,"1.462",56,"2.413",40,"1.073",68,"435",93,"618"
8435,"Bodenseekreis","Landkreis",28.4,3.48,330.2,21.4,22.4,55.5,82.1,33.4,81.1,28.1,"2.152,10",26.7,"868,7","32,8","323",64.8,64.1,7.6,5.1,2.2,22,20,18,19,10,"873",72,"1.108",63,"906",68,"304",96,"612"
8436,"Ravensburg","Landkreis",24.4,6.13,353.9,22.1,21,56.4,82.9,29.3,80.7,23.5,"1.599,10",51.8,"1.652,40","77,2","174",66.3,66.4,7.6,3.8,1.6,18,37,19,17,8,"1.181",66,"1.916",53,"1.013",68,"564",87,"599"
8437,"Sigmaringen","Landkreis",25.3,5.03,386,16.7,18.9,63.1,85.5,41.2,78.4,24.5,"1.074,70",83.7,"3.590,80","86,3","108",63.9,68.3,8.8,2.7,1.3,38,57,35,43,10,"1.838",48,"2.091",49,"1.299",59,"656",84,"625"
9161,"Ingolstadt, Stadt","krsfr. Stadt",22.9,9.61,237.9,21.9,28.2,49.1,73.1,25.7,86.5,24.5,"2.743,30",6.6,"153,2","38,7","1.014",61.3,32.4,12.6,4.3,2.8,3,41,0,0,0,"517",88,"702",81,"682",83,"193",100,"712"
9162,"München, Stadt","krsfr. Stadt",28.1,7.67,213.1,32.4,22.1,45,40.7,46.7,51.4,34.7,"6.287,10",0.8,"14,6","2,9","4.686",45,27.7,8.9,6.1,4.6,7,27,1,0,0,"330",98,"358",96,"502",93,"206",100,"496"
9163,"Rosenheim, Stadt","krsfr. Stadt",33.3,9.92,250.5,25.9,26.1,47.3,48.7,38.7,74.2,20.7,"4.088,10",3.6,"101,5","18,5","1.695",67.4,53.4,18.8,3.8,2.8,5,45,0,0,0,"427",94,"568",87,"641",89,"179",100,"535"
9171,"Altötting","Landkreis",30.8,5.32,338.6,19.4,33.5,46.2,115.8,46.9,128.5,18.1,"1.467,50",45.1,"1.521,10","99,1","194",76.2,75.4,10.6,2.9,2,9,59,45,9,8,"974",71,"1.373",62,"1.219",61,"1.592",58,"606"
9172,"Berchtesgadener Land","Landkreis",31.4,6.18,310.1,25,34.2,39.1,97.1,31.8,125.5,13.2,"1.772,70",74.6,"4.237,70","146,5","125",65.2,65.5,9,4.2,2.6,15,18,10,12,6,"928",72,"1.508",57,"1.351",50,"693",81,"590"
9173,"Bad Tölz-Wolfratshausen","Landkreis",26.1,5.02,288.9,20.2,25.6,53.8,66,24.5,80.1,18.7,"1.705,40",82.4,"4.866,20","329,5","114",65.5,74.7,12.8,4,3,16,61,31,35,6,"1.047",71,"1.643",59,"1.317",53,"688",83,"605"
9174,"Dachau","Landkreis",20.3,3.26,269.1,22.1,33.9,43.1,75.5,25.4,104.3,26.8,"1.951,00",33.3,"677,3","35,7","264",74.4,84.4,8,3.8,2.7,10,30,25,28,12,"1.033",69,"1.333",61,"1.362",58,"358",93,"567"
9175,"Ebersberg","Landkreis",24.1,2.36,212.9,17,34.4,47.2,68.8,21.7,79.1,30.4,"2.044,10",34.6,"1.459,50","35,8","256",79.2,85.9,8.2,4.6,3.4,12,38,25,25,7,"779",80,"1.111",71,"1.027",67,"436",92,"567"
9176,"Eichstätt","Landkreis",20.5,3.48,235.4,20.7,23.8,54.5,58.6,21.2,62.1,22.5,"1.103,30",83.6,"3.762,10","66,8","108",76.8,83.7,8.1,2.5,1.4,14,58,23,23,10,"1.728",50,"2.348",41,"1.583",50,"988",77,"602"
9177,"Erding","Landkreis",20.5,3.05,212,15,33.5,50.3,68.2,13.3,76.9,22.8,"1.283,20",56.3,"925,8","80,6","157",74.5,81.6,15,4.1,3.1,12,25,36,14,6,"1.300",55,"2.197",44,"1.357",56,"657",82,"611"
9178,"Freising","Landkreis",23.6,2.01,186.4,17.2,30.3,51.7,47.5,20.8,62.8,23.9,"1.627,60",39.2,"884,3","79,2","223",79.5,79.5,15.4,5,3.7,7,18,32,13,6,"1.123",69,"1.472",64,"1.187",65,"661",84,"581"
9179,"Fürstenfeldbruck","Landkreis",24.8,1.75,250.8,21.8,29.6,47.8,69.7,28.2,85.1,28.5,"2.687,30",16.6,"448,4","17,1","501",75.3,85.9,8.3,4.3,3,9,38,22,29,9,"758",83,"1.010",76,"853",77,"215",100,"543"
9180,"Garmisch-Partenkirchen","Landkreis",32.9,15.42,339.1,28,26.3,45.1,75.1,34.3,107.9,20,"1.647,40",109.2,"6.155,00","277,7","87",54.2,59.8,16.1,4.5,3,15,57,8,14,5,"876",77,"1.374",65,"967",71,"429",94,"568"
9181,"Landsberg am Lech","Landkreis",21,3.98,254.2,28.5,19.7,51.5,65.8,38,52.2,21.8,"1.330,00",60.4,"2.014,10","514,1","148",75,79.9,24.2,3.9,2.6,10,55,17,25,11,"1.351",61,"2.191",48,"1.472",56,"581",86,"642"
9182,"Miesbach","Landkreis",34.3,4.63,254.5,22.9,32,44.3,69.4,24.5,98.5,24.7,"1.540,00",81.3,"4.789,50","188,3","115",73.3,75.9,16.8,4,3,14,57,29,31,4,"1.249",64,"1.664",54,"1.406",49,"830",77,"634"
9183,"Mühldorf a.Inn","Landkreis",22.7,3.02,319.8,17.2,36.4,45.5,124.6,23.3,136.3,18.8,"1.322,20",63.1,"1.606,90","88,6","142",69.8,74.9,19.2,3.3,2.7,10,57,49,12,10,"1.250",62,"1.919",53,"1.571",48,"1.251",69,"609"
9184,"München","Landkreis",21.9,3.93,238.3,20.6,35.4,43.3,77.3,36.3,96.7,42,"2.536,70",15.7,"861,2","32,2","522",90.4,84.3,8,5.3,3.8,4,32,16,20,11,"615",88,"749",82,"782",79,"270",98,"637"
9185,"Neuburg-Schrobenhausen","Landkreis",22.9,4.68,248.5,16.5,31.2,51.3,66.6,28.2,88.9,19.8,"1.100,00",68.3,"1.824,30","139,4","130",64.6,72.4,10.7,2.9,1.8,24,56,26,27,7,"1.637",52,"2.548",36,"1.781",43,"2.452",46,"637"
9186,"Pfaffenhofen a.d.Ilm","Landkreis",22.2,2.61,241.9,17.1,30.9,51,60.5,15.9,84.6,23.4,"1.198,80",52.4,"1.523,30","105,6","166",73.4,80.4,21.8,3.5,2.4,9,34,23,21,11,"1.348",59,"1.924",47,"1.484",52,"1.940",47,"622"
9187,"Rosenheim","Landkreis",22.4,10.93,290.3,21.6,41.1,36.4,118.6,37.3,141,19.8,"1.611,90",49.6,"1.986,70","149,5","180",72.4,77.7,15.6,3.5,2.6,11,49,15,18,10,"1.098",63,"1.742",47,"1.305",51,"1.066",67,"624"
9188,"Starnberg","Landkreis",30.2,9.45,275,27.4,25.2,46.9,65.4,37.7,85.3,34.7,"1.874,20",31.2,"1.343,50","479,8","278",80.4,79.9,9.1,5.2,3.8,6,43,14,21,8,"824",74,"1.005",69,"1.087",60,"357",96,"620"
9189,"Traunstein","Landkreis",26.7,4.88,299.4,23.2,31.2,44.6,84.6,41.6,112.8,15.7,"1.338,50",80.1,"3.269,90","570,9","115",68.7,69.7,9.8,3.1,2.3,16,34,17,17,11,"1.136",63,"1.747",49,"1.514",45,"1.190",69,"625"
9190,"Weilheim-Schongau","Landkreis",23.1,3.21,312.2,28.9,23.3,47.7,75.6,38.2,81.6,19.4,"1.474,50",65.7,"2.378,70","159,3","139",68.5,72,17.3,3,2.1,21,74,17,17,7,"1.053",72,"1.889",50,"1.161",61,"795",80,"620"
9261,"Landshut, Stadt","krsfr. Stadt",30.9,18.06,324.6,20.7,43.3,35,137,33.3,173.1,25.5,"3.222,90",6.4,"181,6","23,5","1.081",65.7,54.2,19.6,3.9,2.7,5,28,39,0,0,"621",80,"738",83,"772",82,"172",100,"497"
9262,"Passau, Stadt","krsfr. Stadt",38.6,14.27,607.9,44.4,26.3,28.6,159.7,97.7,188.7,32.5,"2.321,00",9.4,"444,8","97,5","744",68.8,32.6,12.8,8.2,3.5,6,65,0,0,0,"625",85,"839",71,"943",64,"177",100,"520"
9263,"Straubing, Stadt","krsfr. Stadt",39.9,9.55,457.1,23.9,31.3,43.5,137.2,37.8,181.6,16.2,"2.371,00",10.4,"26,7","74","704",61.1,40.3,15,3.8,2.4,9,71,26,0,0,"545",87,"674",78,"764",73,"855",66,"554"
9271,"Deggendorf","Landkreis",26.1,11.08,425.9,19.8,24.8,54.1,107,35.6,132.9,17.4,"1.136,30",64.1,"2.119,00","179,6","138",71.3,71,14.8,5.1,2,8,73,14,11,8,"1.056",63,"2.441",38,"1.548",46,"881",75,"622"
9272,"Freyung-Grafenau","Landkreis",26.8,5.18,547.2,23.4,16.3,59.6,95.9,47.9,102,16.6,"855,4",114.6,"7.243,60","85,6","80",68.6,75.1,10.4,4.9,1.3,37,98,37,37,9,"1.504",44,"3.075",25,"2.038",32,"4.338",20,"636"
9273,"Kelheim","Landkreis",21.5,3.18,278.8,19.5,27.5,52.4,66.8,85.1,92.4,18.1,"1.081,70",79.1,"3.495,70","107,3","114",64.6,73.7,13.3,3.1,2.1,9,53,25,26,7,"1.537",57,"2.283",44,"1.625",48,"1.279",69,"622"
9274,"Landshut","Landkreis",19.1,1.19,250.4,15,28.7,55.6,68.5,15.1,81.3,19.4,"1.047,90",76.5,"1.962,50","65,2","117",75.9,82.6,16.5,2.9,2.2,13,39,42,17,9,"1.523",56,"2.296",40,"1.730",46,"1.803",54,"644"
9275,"Passau","Landkreis",27.8,3.59,477.6,26.1,20.2,52.8,101.7,57.5,117,18.9,"969,7",70.7,"2.331,80","150,1","125",69.1,75.7,9.5,4.4,1.7,15,72,22,22,9,"1.370",54,"2.233",37,"1.947",41,"730",78,"631"
9276,"Regen","Landkreis",28.4,4.07,425.4,20,21.1,57.9,105.3,28.8,104,16.7,"948,1",115.9,"8.064,40","104,1","79",69.5,72.8,11.2,3.9,1.1,34,101,43,34,8,"1.487",51,"2.306",38,"1.594",45,"776",75,"613"
9277,"Rottal-Inn","Landkreis",26.6,5.33,412,29.1,24,45.8,108.6,73.4,113.4,17.3,"913,6",95.9,"2.762,00","106,6","94",68.1,74.3,11.2,3.3,2.2,19,77,44,28,8,"1.786",48,"2.794",37,"1.915",39,"1.771",51,"651"
9278,"Straubing-Bogen","Landkreis",23,3.92,333.7,22.8,16.9,59,67.1,58.2,66.3,19.1,"809,3",108.5,"3.314,80","202","83",72.7,82.9,12.1,3.6,1.8,13,73,27,17,11,"1.712",43,"2.701",33,"1.820",41,"2.659",39,"649"
9279,"Dingolfing-Landau","Landkreis",26.1,1.32,345.6,28.2,22.3,49,81.8,73.1,85.4,17.6,"937,8",81.4,"1.991,40","155,9","109",76.8,72.9,13.2,2.6,1.9,8,54,22,12,8,"1.616",51,"2.310",44,"2.204",36,"3.478",31,"640"
9361,"Amberg, Stadt","krsfr. Stadt",37.9,13.22,382.3,21.4,38.5,39.3,144.4,39.5,163.8,23.7,"2.423,90",8.1,"257,5","8,3","843",64.7,41.7,12.9,4,1.8,8,48,46,0,0,"600",89,"832",77,"724",80,"172",99,"571"
9362,"Regensburg, Stadt","krsfr. Stadt",30.5,18.78,314.9,30.6,32.7,35.9,98.8,64.9,122.7,30.5,"3.321,50",2.7,"40,3","17,6","1.866",64.1,30,13.9,4.7,3,2,67,3,0,0,"463",94,"510",91,"712",81,"183",100,"507"
9363,"Weiden i.d.OPf., Stadt","krsfr. Stadt",47,16.57,505.6,35.8,29.4,34.1,130.2,87.9,164.3,18.5,"2.042,40",12.2,"532,4","18,3","603",65,40.4,11.6,4.2,2,5,76,52,0,0,"574",90,"850",73,"728",79,"190",99,"593"
9371,"Amberg-Sulzbach","Landkreis",21.4,1.97,314.5,18.5,35.3,45.3,105.4,42.1,124.7,23.1,"853,2",110.9,"5.870,70","109,2","82",64.7,76.9,12.4,3.5,1.4,12,53,47,19,13,"1.874",50,"2.781",40,"1.814",45,"985",75,"651"
9372,"Cham","Landkreis",25.1,5.45,431.1,28.3,23.2,47.6,105.3,65,118.6,18.5,"802,2",108,"5.236,50","129,9","84",70.6,72.1,10.7,3.5,1,37,107,56,19,8,"1.564",49,"3.211",26,"1.902",36,"1.993",45,"660"
9373,"Neumarkt i.d.OPf.","Landkreis",22.6,3.81,321.9,21.3,30.3,47.8,101.4,26.5,106.9,18.8,"923,1",91.1,"3.824,30","55,4","99",64.2,69.1,12.6,3.9,1.7,9,46,33,19,8,"1.877",49,"2.382",38,"1.697",51,"1.324",68,"629"
9374,"Neustadt a.d.Waldnaab","Landkreis",26.5,1.97,404.9,29.2,26.5,43.2,101.6,79.6,121.7,25,"650,1",136.3,"7.099,10","257,1","66",75.5,81.1,10.1,3.5,1.6,10,74,58,21,6,"1.879",49,"2.272",45,"1.710",50,"1.081",70,"659"
9375,"Regensburg","Landkreis",20.3,1.26,271.4,13.4,32.6,52.9,83.2,19,102.7,18.9,"1.226,50",64.7,"2.509,20","123","138",76.2,86.6,9.8,3.8,2.2,7,68,18,17,11,"1.670",50,"2.328",43,"1.638",48,"846",79,"623"
9376,"Schwandorf","Landkreis",26.6,3.67,366.3,26.1,29.5,43.9,98.7,49.6,127.9,17.8,"933,8",89.3,"4.414,90","280,5","100",70.1,73.6,11.1,4.2,1.7,11,74,38,26,4,"1.579",56,"2.267",44,"1.623",45,"1.644",60,"646"
9377,"Tirschenreuth","Landkreis",23.4,3.98,415.4,25.8,33.1,40.6,127.5,56.2,152.5,25.9,"816,2",137.4,"7.023,40","267,7","67",69,73.5,9.2,2.9,1.3,13,94,74,17,6,"1.920",53,"2.667",40,"1.859",42,"996",73,"646"
9461,"Bamberg, Stadt","krsfr. Stadt",40.2,13.37,302.5,20,36.8,41.8,114,47.2,124.1,25.7,"2.809,60",4.1,"197,2","20","1.413",69.7,41,15.2,5.7,2.2,6,44,0,0,0,"453",94,"430",94,"648",81,"157",100,"503"
9462,"Bayreuth, Stadt","krsfr. Stadt",35.1,18.61,359.2,20.5,41,37.8,134.2,27.3,164.3,33.7,"2.617,60",5.9,"181,6","7,7","1.106",61.4,30.8,14.1,6.9,2.8,4,57,46,0,0,"536",89,"673",84,"736",78,"178",100,"516"
9463,"Coburg, Stadt","krsfr. Stadt",36.4,12.42,429.2,27.5,33.6,38.2,130.2,69.4,159.6,37.9,"2.094,30",7.5,"270,4","25","854",69.7,39.1,11.4,4.1,2.5,4,67,18,0,0,"755",75,"808",71,"709",82,"770",72,"599"
9464,"Hof, Stadt","krsfr. Stadt",41.3,10.07,530.6,27.2,31.1,40.6,156.5,43.5,183.9,25.7,"2.161,30",8.6,"188","28,7","792",58.8,40.4,12.1,6.5,3.8,6,86,62,0,0,"605",87,"732",76,"720",79,"210",98,"524"
9471,"Bamberg","Landkreis",25.2,2.12,312.2,21.5,27.9,49.5,77.6,24.4,95,32,"1.229,10",72.1,"3.236,90","107,9","126",75.8,85.7,11.9,3.5,1.2,6,46,17,18,9,"1.543",53,"1.945",50,"1.705",49,"1.522",59,"659"
9472,"Bayreuth","Landkreis",28.9,1.13,371.4,26.3,28.4,44.6,98.5,46.4,115.2,32,"873,8",112,"5.766,20","64,3","82",66.7,81.8,10.8,4,1.5,9,57,47,19,10,"2.081",43,"2.216",40,"2.167",39,"1.289",62,"662"
9473,"Coburg","Landkreis",25.3,1.07,372.3,21.5,28.3,49.2,88,24.2,121.9,38.9,"1.133,20",59.8,"2.162,50","39,1","147",71.6,78.6,7.5,3,1.9,9,70,20,12,8,"1.518",53,"1.895",44,"1.621",46,"1.055",70,"647"
9474,"Forchheim","Landkreis",27.7,2.69,294.8,23.8,25.4,49.9,76.1,34.7,84.7,30.8,"1.411,60",49.1,"2.174,70","59,4","180",70.9,82,6.9,3.9,1.5,12,35,24,16,11,"1.556",50,"1.802",44,"1.316",54,"417",92,"645"
9475,"Hof","Landkreis",29.2,6.17,469.4,19.2,32.7,47.6,131.1,31.8,165.7,34.8,"917,4",83,"3.340,80","83,6","107",73.5,73.5,8.8,4.2,2.5,6,87,59,15,5,"1.312",60,"1.878",46,"1.598",50,"1.288",61,"641"
9476,"Kronach","Landkreis",31.1,4.17,509.2,32.2,20.2,46.9,118.9,60.9,108,32.6,"1.049,50",87.6,"5.702,20","82,3","104",68.4,71.6,7.6,3,1.7,27,86,32,31,9,"1.387",50,"1.902",40,"1.788",38,"1.430",54,"651"
9477,"Kulmbach","Landkreis",34.7,7.29,452,29.9,25.2,43.6,124.6,99.3,129.8,35.1,"963,9",81.6,"3.422,80","64,4","109",66.3,70.1,9.6,3.7,1.5,9,71,36,11,8,"1.655",47,"1.815",44,"1.617",50,"1.252",63,"662"
9478,"Lichtenfels","Landkreis",28.5,11.15,423,24.7,30.2,44.2,123.2,40.7,155,31.8,"1.107,40",69.4,"2.998,00","118,6","128",71,71.3,8,3.3,1.8,7,62,9,19,1,"1.659",51,"1.811",48,"1.605",49,"1.245",59,"641"
9479,"Wunsiedel i.Fichtelgebirge","Landkreis",31.3,5.57,495.7,30.7,27.1,40.7,109,54,144.7,31.3,"1.069,50",73.7,"3.811,00","113,8","121",64.2,62.7,8.6,4,1.9,9,96,73,7,7,"1.084",66,"1.490",54,"1.323",49,"579",85,"617"
9561,"Ansbach, Stadt","krsfr. Stadt",38.4,29.59,376,24,40.2,35.2,123.6,96.3,172.9,21.7,"1.803,10",18.8,"699,6","13","417",64.2,42.2,13.7,4.5,1.5,6,52,0,0,0,"872",78,"1.072",70,"844",81,"229",97,"582"
9562,"Erlangen, Stadt","krsfr. Stadt",35.1,19.81,265,24.9,35.7,38.7,79.6,49.3,102.3,40.7,"3.476,30",4.3,"154,8","24,3","1.442",68.8,39.2,7.4,5.4,1.9,1,17,0,0,0,"514",90,"451",94,"615",90,"186",100,"484"
9563,"Fürth, Stadt","krsfr. Stadt",24.5,6.87,260.2,15.5,37.3,45.9,76.7,18.4,103.9,24.1,"4.253,00",3,"64,9","10,7","1.997",66.3,70.8,7.6,5.5,2,5,16,13,0,0,"475",92,"497",89,"618",83,"177",100,"478"
9564,"Nürnberg, Stadt","krsfr. Stadt",28,6.9,287.5,23.1,34.9,40.7,83.7,48.3,110.9,28,"4.457,90",1.7,"60,5","6,7","2.763",52.8,31.8,9.1,6.4,2.3,5,12,0,0,0,"375",96,"395",95,"571",89,"215",100,"463"
9565,"Schwabach, Stadt","krsfr. Stadt",34.3,4.18,293.3,17.1,37,45.4,100.8,30.9,116.2,26.1,"2.859,80",6.8,"287,6","7,4","1.000",66.7,67.4,7.8,5.1,1.8,3,29,19,0,0,"682",85,"687",78,"1.021",51,"272",96,"611"
9571,"Ansbach","Landkreis",26.2,0.82,326.5,24.9,25.7,47.9,87.5,37.9,97.5,30,"885,3",96.9,"3.076,80","95,7","93",66.9,74.5,9.4,4,1.2,10,61,20,22,9,"1.744",51,"2.434",45,"1.697",53,"1.497",61,"644"
9572,"Erlangen-Höchstadt","Landkreis",22.9,0.85,255.8,17.2,30.5,51.6,60.3,16.7,89.8,38.1,"1.725,30",36.4,"1.755,10","152,6","240",77.4,80.2,6.5,4.5,1.6,6,24,17,17,8,"1.062",64,"1.281",62,"1.147",60,"546",90,"646"
9573,"Fürth","Landkreis",21.5,0,332.1,28.7,30.8,39.7,91.2,51.6,110.9,30.9,"2.157,70",22.2,"679,8","23,4","378",74.1,87.1,7,4.9,1.7,14,28,21,14,8,"1.127",60,"1.203",60,"1.314",52,"493",90,"633"
9574,"Nürnberger Land","Landkreis",24.7,5.75,302.9,26.5,30,42.9,80.9,40.1,104.6,32.9,"1.585,30",41.3,"2.448,00","34,9","212",74.7,80.7,7.9,4.7,1.8,7,29,28,25,8,"1.293",59,"1.604",53,"1.353",53,"553",90,"621"
9575,"Neustadt a.d.Aisch-Bad Windsheim","Landkreis",28.1,4.81,332.7,20,29.5,49.4,98,38.4,108.2,30.3,"795,9",115.3,"3.728,10","91,6","79",69.5,76.4,10.7,3.7,1.2,15,53,32,31,9,"1.708",54,"2.417",45,"2.166",46,"2.371",44,"636"
9576,"Roth","Landkreis",21.4,2.15,294,24.4,25.2,49.4,81.4,56.5,82.1,26.5,"1.172,80",62.9,"3.192,10","96,7","141",66.7,76.2,9.9,4.7,1.9,8,39,27,20,7,"1.556",54,"1.864",50,"1.488",51,"1.068",74,"653"
9577,"Weißenburg-Gunzenhausen","Landkreis",25.5,4.47,341.8,27.1,28.7,43.6,91.2,51.1,106.6,25.4,"917",92.9,"3.554,50","208,8","97",64.2,69.6,14.7,3.2,1.5,30,64,37,32,7,"1.873",52,"2.587",40,"2.113",39,"1.623",63,"629"
9661,"Aschaffenburg, Stadt","krsfr. Stadt",27.2,13.51,387.3,29.2,22.7,47.2,89.2,51.9,100.2,27.2,"2.824,20",6.1,"281,9","23,2","1.120",70.1,51.8,9.1,4,2.2,3,31,0,0,0,"519",92,"639",80,"531",92,"163",100,"618"
9662,"Schweinfurt, Stadt","krsfr. Stadt",44.9,17.45,458.5,23.5,34,41,140,51.5,164.7,24.6,"2.696,10",3.5,"110,4","26,8","1.497",76.1,36,8,4,2.2,3,74,29,0,0,"371",96,"382",99,"617",85,"153",100,"509"
9663,"Würzburg, Stadt","krsfr. Stadt",35.5,18.37,377.2,26.8,34.7,36.9,119.3,38.2,153.8,33,"3.010,10",4.1,"135,4","9","1.446",63.7,35.9,13,6.7,3.1,5,67,0,0,0,"466",93,"461",91,"649",86,"191",100,"493"
9671,"Aschaffenburg","Landkreis",23,0.24,342.7,22.2,19.4,57.4,64.4,28.3,71.5,27.3,"1.735,40",34.9,"2.289,70","37,2","249",77.6,83.7,10.9,4,2,6,39,15,15,8,"1.176",61,"1.251",62,"1.078",61,"323",96,"647"
9672,"Bad Kissingen","Landkreis",26.1,8.36,451.7,26,29.2,43.1,120.2,58.2,149.9,29.3,"852",99.1,"5.322,10","47,4","91",68.1,73.4,11.1,4.4,2.3,8,84,36,17,8,"1.681",51,"2.494",39,"2.088",37,"1.446",59,"651"
9673,"Rhön-Grabfeld","Landkreis",27.6,13.84,430.2,32.2,25.3,41.9,108.8,54.8,132.1,33.1,"791,5",116.2,"4.822,30","46,2","78",75.2,76.6,10.6,3.8,1.7,13,75,49,17,9,"1.544",54,"2.552",42,"1.767",48,"3.255",36,"652"
9674,"Haßberge","Landkreis",28.4,2.84,365.2,24.6,19.1,55.3,76.5,47.4,75.3,31.8,"859,2",102.4,"4.664,10","131,9","88",71.9,78.5,8.9,3.1,1.4,13,66,29,23,9,"1.946",45,"2.587",39,"2.402",35,"1.357",63,"661"
9675,"Kitzingen","Landkreis",28.8,2.73,358.1,24.4,27.7,47,93.8,28.6,112.5,32.9,"951,8",66.1,"1.737,70","107","132",71.6,75.9,9,4,1.4,6,57,22,22,8,"1.600",53,"2.019",44,"1.762",47,"1.177",68,"643"
9676,"Miltenberg","Landkreis",23.3,2.27,388.1,21.7,19.7,57.8,94.2,34.2,89.9,31.8,"1.572,10",50,"3.288,40","66,3","180",79.4,83.4,10.7,3,1.7,25,55,32,32,8,"1.406",55,"1.505",60,"1.255",60,"488",92,"631"
9677,"Main-Spessart","Landkreis",23.7,5.24,431,26.5,22.6,49.9,91.8,63.7,113.2,33.4,"1.017,10",95.2,"5.827,40","112,9","96",69.8,74.1,9.2,3.7,1.9,17,67,32,31,8,"1.798",52,"2.681",36,"1.695",50,"784",82,"649"
9678,"Schweinfurt","Landkreis",21.7,5.21,306.6,18.1,29,52,80.4,20,97.1,32.7,"1.084,40",64.6,"1.920,30","65,2","137",78.5,88.5,8.1,3.7,1.9,7,74,32,14,9,"1.647",55,"2.234",46,"2.049",48,"1.335",65,"654"
9679,"Würzburg","Landkreis",24.2,0.87,296,27.9,18.3,53,47.7,32.1,62.7,39.9,"1.349,20",53.1,"1.390,30","31,4","167",80.3,88.4,9.9,4.9,2.4,9,72,17,17,11,"1.153",65,"1.628",58,"1.571",59,"481",91,"632"
9761,"Augsburg, Stadt","krsfr. Stadt",28,10.1,331.2,29.7,28.5,41,85.7,60.2,104.2,23.7,"4.555,20",3.2,"129","14","1.994",51.8,41.1,18.2,4.1,2.5,10,56,1,0,0,"440",95,"443",95,"546",93,"207",100,"451"
9762,"Kaufbeuren, Stadt","krsfr. Stadt",32.2,14.47,347.5,24.3,34.7,40.7,121,45.5,125.6,14.3,"2.832,40",5.9,"229,8","19,6","1.086",51.5,49.1,12.6,2.8,1.8,14,71,16,0,0,"424",96,"628",83,"647",86,"217",99,"535"
9763,"Kempten (Allgäu), Stadt","krsfr. Stadt",27.8,8.89,279.8,21.7,31.5,45.3,88.5,58.8,101.4,21.4,"3.270,90",6.6,"120,3","17,9","1.080",59.1,43.9,8.8,3.3,1.8,3,76,2,0,0,"459",93,"680",86,"642",83,"156",99,"545"
9764,"Memmingen, Stadt","krsfr. Stadt",43.7,12.57,342.1,31,26.9,41.6,100.1,83.7,107.4,16.2,"2.388,50",12.2,"397,7","10,8","620",63.6,38.2,9.6,3.3,1.7,2,59,2,0,0,"582",86,"692",85,"777",81,"238",99,"571"
9771,"Aichach-Friedberg","Landkreis",19.6,2.13,241.3,18.9,25,55.4,53.2,16.4,66.4,19.1,"1.405,80",52.1,"1.503,60","62","170",70.4,80.8,20,3.3,2.1,14,53,25,25,8,"1.646",57,"2.207",46,"1.428",50,"994",77,"618"
9772,"Augsburg","Landkreis",22.4,1.2,290.3,24.1,24.6,50.7,74.2,33,80.8,21.8,"1.503,00",36.6,"1.432,60","40,8","233",77.7,84,12.6,3.4,2,13,67,21,23,6,"1.096",67,"1.404",60,"1.189",65,"807",80,"624"
9773,"Dillingen a.d.Donau","Landkreis",21,3.35,314.6,15.2,31.1,52.3,91.8,21.2,119.9,21.3,"1.011,50",73.8,"1.964,60","233,8","120",68.4,74.3,8.9,2,1,23,80,22,11,8,"1.611",54,"2.105",39,"1.757",41,"1.014",71,"641"
9774,"Günzburg","Landkreis",22.5,8.47,282,18.9,27.7,52.6,79.1,23.3,87.5,19.9,"1.143,00",53,"1.799,60","120","163",73.2,74.6,9.2,2.5,1.3,10,71,18,17,5,"1.367",59,"1.941",48,"1.423",54,"913",75,"634"
9775,"Neu-Ulm","Landkreis",21.4,2.4,262.2,19,28.3,51.9,67.3,24.6,85.9,21.7,"1.830,50",24.8,"888,5","68,3","334",73.6,76.9,9.1,3.7,1.6,6,65,17,15,4,"1.039",72,"1.224",65,"921",73,"334",96,"601"
9776,"Lindau (Bodensee)","Landkreis",27.1,7.49,319.4,31.8,32.9,34.4,115.1,37,132.8,23,"1.826,00",34.9,"1.109,70","35,2","251",65.1,65,8.6,5.6,1.9,14,39,16,15,7,"1.056",63,"1.599",56,"1.055",62,"607",82,"614"
9777,"Ostallgäu","Landkreis",21.5,3.7,262.9,27.1,26.2,46.5,69,30.6,77.2,16.7,"1.203,20",92.3,"3.136,10","264,4","100",65.9,71.6,11.6,2.9,1.8,12,82,22,19,9,"1.418",59,"2.509",41,"1.761",48,"748",82,"618"
9778,"Unterallgäu","Landkreis",18.9,3.04,280.6,21.4,30.7,46.5,88.6,24.4,96,17.1,"1.048,30",77.2,"2.219,10","96,7","116",73.3,78,10.6,2.7,1.5,8,70,15,19,10,"1.369",58,"2.643",42,"1.683",49,"1.252",68,"644"
9779,"Donau-Ries","Landkreis",25.6,4,266.4,22.7,24.9,51,72.2,43.6,76.2,23.5,"933",85.7,"2.549,40","138,2","104",72.3,70.5,10.2,2.4,0.9,35,86,24,13,10,"1.765",51,"2.439",41,"1.627",52,"1.469",65,"653"
9780,"Oberallgäu","Landkreis",23.9,2.89,242.8,24.4,27.6,47.3,71.1,23.6,84.4,18,"1.491,80",92.6,"3.682,70","160,6","101",67.1,72.5,8.2,3.9,1.9,16,72,10,11,9,"1.192",64,"2.065",46,"1.447",54,"655",83,"618"
10041,"Regionalverband Saarbrücken","Landkreis",33.6,7.87,428.6,23.6,26.5,49.2,108.8,41.9,127.9,26.1,"2.490,80",8.8,"512,9","10,4","803",67.5,57.5,7.3,5.2,2.4,2,16,7,7,4,"734",76,"682",80,"900",73,"208",100,"565"
10042,"Merzig-Wadern","Landkreis",29.9,4.63,469,18.1,30.5,50.4,121.9,30.8,157.2,32.4,"1.332,70",46.7,"2.078,20","64,7","186",65.1,68.9,7.2,3.8,1.5,7,42,36,37,6,"1.733",42,"1.755",42,"1.729",45,"439",93,"661"
10043,"Neunkirchen","Landkreis",35.3,5.22,483.2,19.5,26.8,52.8,128.4,38,142.1,23.4,"2.007,50",14.1,"548,8","14,4","534",71,76.8,6.4,3.8,1.8,5,26,17,20,5,"799",76,"845",71,"993",67,"244",99,"631"
10044,"Saarlouis","Landkreis",36.8,5.09,481.3,22.6,18.9,57.4,88.6,39.1,97.5,25.4,"1.753,70",18.1,"591,9","34,1","426",78.3,78.9,6,3.7,1.5,5,33,23,24,5,"1.083",66,"956",69,"1.128",60,"286",99,"657"
10045,"Saarpfalz-Kreis","Landkreis",37,10.18,434.8,18.8,23.5,56.6,88.8,33.5,116.5,30.9,"1.705,90",23.7,"958,6","17,2","343",73.2,67.7,7.5,4,1.9,6,13,11,21,4,"1.177",58,"1.180",60,"1.243",53,"223",100,"665"
10046,"St. Wendel","Landkreis",37.6,2.8,509,24.6,20.3,53.6,126.8,46.5,116.3,34.9,"1.148,70",46.3,"1.810,00","51,8","185",68.5,74.9,9,3,1.2,6,42,31,34,7,"1.342",49,"1.413",53,"2.056",33,"311",98,"678"
11000,"Berlin, Stadt","krsfr. Stadt",23.6,5.63,375.5,25.5,21.3,53,62.3,61.7,91.1,43.8,"5.752,30",1.1,"45,6","16,3","4.055",21.7,13.9,7.9,7.1,5.9,7,15,0,0,0,"334",98,"403",94,"478",94,"211",100,"331"
12051,"Brandenburg an der Havel, Stadt","krsfr. Stadt",22.3,12.57,473.8,36.3,20.5,42.5,82.1,124.5,99.7,57.5,"1.410,40",26,"919,2","543,8","313",40.5,35.4,15.8,4.8,2.7,13,56,0,0,0,"659",83,"979",75,"1.098",66,"247",99,"470"
12052,"Cottbus, Stadt","krsfr. Stadt",30.7,11.62,426.7,35.5,25.7,38.2,93.8,54,113.8,52.2,"2.019,50",12.4,"354,3","55,3","610",48,35.4,16.1,7.2,4.3,9,66,0,0,0,"640",85,"836",76,"820",79,"223",100,"477"
12053,"Frankfurt (Oder), Stadt","krsfr. Stadt",24,16.2,505.5,24,27.3,47.9,128.3,63.5,142.9,60.5,"1.645,10",20.7,"685,8","91,2","394",47.7,31.8,17.6,4.9,3.4,5,49,0,0,0,"611",88,"845",82,"905",81,"218",99,"480"
12054,"Potsdam, Stadt","krsfr. Stadt",22.2,9.15,373.6,28.5,23.1,47.6,61.6,37.3,95.4,54.1,"3.068,10",8.1,"271","117,1","933",58.8,49.1,8.4,6.1,4.3,10,28,0,0,0,"540",89,"859",79,"570",89,"229",100,"409"
12060,"Barnim","Landkreis",19.9,6.52,662.6,25.3,18.3,56.1,96.5,68.8,133.4,56.4,"1.106,60",73.5,"3.746,70","395,5","122",65.2,76.3,14.1,5.2,3.9,11,53,19,50,14,"1.262",66,"1.889",50,"1.638",49,"458",92,"553"
12061,"Dahme-Spreewald","Landkreis",22.1,6.04,455.6,28.9,17.7,53.2,65.2,55.4,86.3,55.3,"771,4",124,"6.155,90","532,2","74",79,80.8,15.5,6.1,4.7,15,38,23,41,17,"1.658",59,"2.611",42,"1.970",42,"604",86,"584"
12062,"Elbe-Elster","Landkreis",27.1,4.45,596.7,41.3,14.7,43.7,66.7,122.4,91.6,55.6,"677,7",170.3,"6.598,50","304,1","54",64.9,71,18.2,5.4,3.7,34,61,40,66,10,"1.792",56,"2.545",46,"2.232",42,"536",89,"609"
12063,"Havelland","Landkreis",19.3,3.02,428.9,31,17.2,51.5,61.2,61.4,78.7,54,"905,2",97.2,"2.731,80","333,6","93",67.1,77.6,13.5,5.4,3.7,26,60,32,36,13,"1.506",64,"2.041",51,"1.790",48,"472",93,"553"
12064,"Märkisch-Oderland","Landkreis",22.8,3.47,571.5,24.7,16.6,58.3,79.6,60,101.5,58.1,"797,2",101.4,"2.678,70","298,9","89",74.4,82.9,14.4,5.1,3.8,29,60,32,45,13,"1.611",61,"2.110",48,"1.739",48,"699",85,"578"
12065,"Oberhavel","Landkreis",22.9,5.24,513.3,25.1,17.3,57.3,69.7,58.3,92,54.1,"1.121,30",77.9,"3.487,40","318,3","116",67.4,78.2,12.7,5.2,4,24,43,35,47,10,"1.265",68,"1.751",56,"1.392",59,"542",88,"554"
12066,"Oberspreewald-Lausitz","Landkreis",26.1,4.58,514.6,27.4,21.6,50.4,98.8,59.8,114.9,56.7,"777,4",98.7,"4.177,40","395,4","91",67.5,68.5,17.6,6.6,3.9,8,41,26,33,7,"1.272",69,"1.652",56,"1.620",56,"571",89,"586"
12067,"Oder-Spree","Landkreis",23.5,7.59,600.5,24.8,15.4,59.5,79.8,69.5,99.6,55.2,"812,7",115.9,"6.102,40","472,6","79",64.6,71,17.2,4.7,3.3,16,45,33,33,11,"1.740",59,"2.411",51,"1.971",47,"756",81,"584"
12068,"Ostprignitz-Ruppin","Landkreis",23.1,11.52,718.5,31.6,14.2,54,92.4,110.4,109.4,56.6,"615,7",239.3,"8.287,50","824,3","39",53.6,57.4,19.7,5.5,3,16,60,51,64,10,"2.604",54,"3.646",43,"2.620",47,"1.136",73,"570"
12069,"Potsdam-Mittelmark","Landkreis",20.2,3.39,381.5,27.2,21.5,50.6,62.2,55.3,92.3,56.9,"915,4",111.5,"4.955,60","333","82",74.3,81.6,14.8,6,4.2,10,50,27,27,13,"1.599",62,"2.245",43,"1.849",49,"553",90,"575"
12070,"Prignitz","Landkreis",31.1,4.99,809.8,32.6,16,51,110.3,98.9,136.4,53.3,"516,7",258.6,"6.324,50","531,2","36",58.5,61.7,17.6,9.1,2.9,18,90,29,65,13,"2.229",59,"3.241",52,"2.543",46,"961",76,"578"
12071,"Spree-Neiße","Landkreis",22.5,4.48,457.8,30.7,20.4,48.4,84.1,62.2,96.6,61.8,"712,7",130.5,"6.488,20","414,8","70",61.9,68.6,14.4,6.7,3.8,18,74,25,24,13,"1.900",53,"2.696",41,"2.049",41,"1.190",69,"609"
12072,"Teltow-Fläming","Landkreis",22.2,2.97,459,27.8,21.6,50.3,81,59.7,106.2,47,"797,5",115,"5.210,70","207,9","79",71.6,75,13.5,4.7,3.6,22,42,38,50,11,"1.567",62,"2.199",48,"1.836",51,"663",86,"585"
12073,"Uckermark","Landkreis",21.6,5.76,816.2,33.1,11.1,55.6,83,136.5,93.1,58.2,"596,6",240.8,"6.253,60","1.213,60","39",50.2,54.4,20.2,6.1,4.4,19,71,19,62,14,"2.034",60,"3.418",50,"2.351",58,"872",77,"560"
13003,"Rostock, Stadt","krsfr. Stadt",25.4,7.3,447.8,0,25.2,51.9,79.4,54.7,115.2,59.5,"2.800,10",6,"236,7","71,7","1.149",37.7,29.3,13.5,8.8,4.3,6,70,0,0,0,"387",95,"591",88,"677",87,"231",100,"396"
13004,"Schwerin, Stadt","krsfr. Stadt",29.2,15.17,554.6,0,27,46.4,115.5,63.4,151.6,51.6,"2.352,00",10.4,"260,9","388,9","734",51.4,30,15.8,5.4,2.5,12,51,0,0,0,"450",92,"620",80,"750",78,"217",100,"448"
13071,"Mecklenburgische Seenplatte","Landkreis",28.4,6.27,584.8,30,19.4,50.4,102.6,82.7,119.5,55.6,"694,5",199.1,"5.192,50","1.918,00","47",56.2,57.5,15.7,7.1,3.4,22,102,25,36,17,"2.002",64,"2.902",54,"2.196",55,"1.434",72,"543"
13072,"Landkreis Rostock","Landkreis",24.2,3.66,559.7,28.4,21.2,50.3,97.1,61.4,124.3,56,"701,8",148.6,"2.713,50","574","63",71,76,14.7,7.6,3.3,12,78,24,31,17,"2.173",51,"2.817",45,"2.249",44,"1.226",71,"564"
13073,"Vorpommern-Rügen","Landkreis",29.3,5.05,697.4,29.7,16.7,53.3,91.2,78.4,120.1,54.7,"806,9",133,"2.639,30","593,7","70",57.4,62.1,15.4,8.4,4.7,29,119,24,29,17,"1.535",68,"2.352",57,"2.089",53,"967",77,"528"
13074,"Nordwestmecklenburg","Landkreis",22.9,3.78,511.9,24.4,22,53.2,96.8,40.6,117.3,56.5,"830,2",126.3,"1.846,20","606,4","74",63.8,71.3,15.2,4.6,2.2,11,34,23,29,16,"1.786",57,"2.839",49,"1.973",49,"993",74,"553"
13075,"Vorpommern-Greifswald","Landkreis",26.6,9.34,597.3,35.1,20.6,44,101.6,100.2,134.8,55.8,"753,4",155.3,"3.772,20","1.043,50","60",58.8,59.7,14.4,8.4,4.9,22,94,19,41,14,"1.629",67,"2.419",55,"2.107",52,"1.238",73,"517"
13076,"Ludwigslust-Parchim","Landkreis",22.6,4.49,528.6,29.1,21.2,49.4,97,56.6,116.3,55,"591,9",210.6,"6.363,00","844,3","45",67.8,75.2,22.4,6.9,2.7,16,75,27,42,20,"2.504",51,"3.477",41,"2.670",41,"1.220",70,"587"
14511,"Chemnitz, Stadt","krsfr. Stadt",28.8,9.43,517.5,28.9,25.4,45.1,107.4,60.5,139.2,44.4,"2.492,00",5.8,"142,7","9,2","1.117",45.2,30.4,11,5.3,3.4,6,52,55,0,0,"542",87,"608",85,"621",85,"217",100,"502"
14521,"Erzgebirgskreis","Landkreis",29.7,6.01,593.7,34,21.8,43.8,118.9,83.8,136.6,47.5,"1.548,70",47.8,"2.404,50","59,8","186",66.9,71.6,7.6,3.8,2.3,27,76,79,34,9,"1.004",70,"1.348",58,"1.270",56,"406",93,"591"
14522,"Mittelsachsen","Landkreis",26.6,4.33,502.9,29.4,24.8,45,114.2,68.1,132.3,51.4,"1.331,50",61.8,"1.091,80","78,6","146",67.1,70.3,10.8,4.4,3.1,15,45,43,34,13,"1.406",59,"1.871",50,"1.492",50,"500",86,"581"
14523,"Vogtlandkreis","Landkreis",27,7.44,454,32.9,31.4,35.4,114.5,72.4,147.3,46.8,"1.418,80",55.1,"2.406,30","74,9","163",60.7,64.7,10.9,5.4,3,13,93,78,19,8,"1.189",67,"1.524",58,"1.332",60,"576",87,"590"
14524,"Zwickau","Landkreis",32.8,6.23,527.4,31.4,26.4,41.5,109.2,78.3,146.1,51.1,"1.869,90",24.8,"499,8","31,4","337",64.4,65.2,8.5,3.9,2.5,8,67,56,15,4,"876",71,"1.184",63,"1.136",59,"372",93,"573"
14612,"Dresden, Stadt","krsfr. Stadt",21.8,6.98,400.1,23.3,25.6,50.4,80.6,44.5,108,53.4,"4.008,70",3.8,"133,8","12,4","1.678",36.3,25.1,10.7,6.2,4,9,13,2,0,0,"439",93,"572",87,"579",90,"209",100,"404"
14625,"Bautzen","Landkreis",20.5,5.65,589.9,27,20.1,51.2,109.8,68.6,121.8,53.9,"1.190,80",71.5,"2.770,80","329,6","126",70.2,72.3,11.6,5.1,3.1,15,37,39,16,11,"1.295",60,"2.217",46,"1.467",50,"395",93,"588"
14626,"Görlitz","Landkreis",24.6,7.04,676,32,20.6,46.8,124.3,100.3,142.9,49.9,"978,5",73.6,"2.975,60","273,6","122",61,64.4,14.4,6.7,4.4,21,64,58,28,10,"1.181",65,"1.831",54,"1.582",55,"525",88,"554"
14627,"Meißen","Landkreis",21.8,4.94,556.6,30.8,19,49.7,91.2,65.3,110.4,53.7,"1.399,30",53.4,"815,5","132,9","167",69.1,71.2,10.1,4.6,3.1,14,27,18,36,9,"1.277",66,"2.083",52,"1.506",53,"362",94,"555"
14628,"Sächsische Schweiz-Osterzgebirge","Landkreis",20,5.23,540,27.7,25.4,46.2,109.4,54.7,140.4,50.9,"1.552,30",61.5,"2.409,10","72,2","148",66,72.6,7.4,4.4,2.9,15,36,21,32,14,"1.305",58,"1.974",48,"1.521",49,"375",93,"569"
14713,"Leipzig, Stadt","krsfr. Stadt",24.6,7.05,390.9,29.7,27.4,42.4,78.5,59.8,115,46.3,"3.621,30",3,"38","20,1","1.954",37.1,27.2,12.8,7.5,4.8,11,19,0,0,0,"376",96,"469",93,"555",90,"221",100,"378"
14729,"Leipzig","Landkreis",25.2,4.4,470.5,29.5,25.2,45.1,92.4,58.4,121.5,55.7,"1.165,10",56.8,"933,7","285,1","156",70.2,77.9,11.6,5.6,3.7,9,37,29,29,9,"1.349",61,"1.789",52,"1.363",54,"422",92,"579"
14730,"Nordsachsen","Landkreis",27.8,7.22,511.4,26.8,24.6,48.1,109.7,58.1,126.3,55.8,"937,6",92.8,"2.112,20","264,8","98",67.6,71.1,14.8,6.1,4.2,26,43,26,44,10,"1.361",62,"2.206",51,"1.524",55,"486",89,"569"
15001,"Dessau-Roßlau, Stadt","krsfr. Stadt",32.9,11.42,497.4,29,31.4,38.7,115.7,63.8,163.4,50.3,"1.625,00",25.7,"1.196,80","96,3","335",39.8,33.8,16.7,6.3,4.2,5,37,22,0,0,"607",87,"746",78,"857",76,"229",100,"511"
15002,"Halle (Saale), Stadt","krsfr. Stadt",32.2,12.43,473.8,32.7,24.8,41.7,82.2,66.2,122,50.9,"3.352,10",3.5,"102,5","20,5","1.771",42.1,35.2,11.7,6.7,3.9,5,21,0,0,0,"392",96,"438",93,"533",92,"212",100,"388"
15003,"Magdeburg, Stadt","krsfr. Stadt",25.2,9.85,384.3,22,34.1,42.8,93.3,38.5,141.1,52.4,"2.586,20",5.6,"76,1","58,7","1.186",41.8,30.6,14.4,7.4,3.1,7,71,0,0,0,"426",95,"571",89,"636",88,"242",99,"457"
15081,"Altmarkkreis Salzwedel","Landkreis",27.2,5.04,426.3,23.2,27.7,48.6,105.5,30.3,129.5,56,"517,4",256.2,"8.085,50","357,6","37",46.4,59.6,23.3,5.7,2.4,44,112,40,54,22,"2.335",53,"3.738",41,"2.452",45,"457",90,"595"
15082,"Anhalt-Bitterfeld","Landkreis",29.8,5.33,535.4,31.4,21.3,46.6,94.4,72.2,122.8,57.5,"902,7",82.2,"1.994,20","319,2","111",56.7,63.2,12.2,6.4,3.9,18,43,19,23,6,"1.260",71,"1.974",58,"1.551",55,"649",84,"571"
15083,"Börde","Landkreis",24.3,3.57,439.9,23.8,26.9,48.5,94.6,40.6,130.7,59.3,"742,2",126.2,"2.750,70","210,7","73",68.1,74.2,13.7,5.5,2.3,13,80,22,27,13,"1.762",57,"2.420",46,"1.852",54,"695",88,"603"
15084,"Burgenlandkreis","Landkreis",30.2,5.99,581.7,25.4,24.5,49.4,109.9,55.9,149,59,"969,5",70,"1.066,10","92,9","129",61.2,68.4,15,9,5.5,15,43,21,34,11,"1.346",64,"1.677",56,"1.557",56,"593",82,"554"
15085,"Harz","Landkreis",27.7,7.19,590.2,26.9,27.2,45.4,137,56.9,175.8,59.2,"1.035,30",89.7,"3.588,30","109,9","103",52.1,60.3,15.1,4.3,2.1,15,82,46,50,11,"1.216",72,"1.691",63,"1.378",66,"334",97,"561"
15086,"Jerichower Land","Landkreis",21,8.3,490.9,21.2,32.2,46,126.6,35.6,168.5,60.1,"662,5",162.5,"5.796,80","371,3","57",58.1,68.1,16.8,7.2,3.1,18,85,22,28,16,"1.793",60,"2.995",41,"2.480",44,"540",89,"593"
15087,"Mansfeld-Südharz","Landkreis",32.6,5.37,611.6,27.5,22.2,49.8,118.2,68.5,142.5,58.6,"825,1",95.9,"3.017,30","148,8","95",61.5,68.5,16,6.7,4.1,9,52,40,40,9,"1.666",62,"1.675",57,"1.664",57,"523",90,"578"
15088,"Saalekreis","Landkreis",24.8,3.41,454.7,30.6,17.8,51,62.3,59.1,84.6,57.2,"848,2",68,"767,4","258,7","129",75.9,78.7,12.1,6.7,4.2,7,34,19,21,15,"1.282",59,"2.026",45,"1.556",48,"349",97,"603"
15089,"Salzlandkreis","Landkreis",29.6,6.71,485.6,27.8,30.6,40.7,122.7,49.1,168.3,61.9,"985,7",66.3,"529,3","206,4","135",54.8,61.7,13.9,5.7,3.1,10,57,32,35,9,"1.162",72,"1.641",62,"1.399",63,"554",89,"544"
15090,"Stendal","Landkreis",24.7,8.86,474.1,28.1,26.9,44.2,99.3,68.8,140.6,54.2,"612,7",201.4,"4.851,20","631,5","47",53.6,62,21,8.8,3.4,46,118,22,69,21,"2.086",61,"3.174",50,"2.411",50,"887",79,"555"
15091,"Wittenberg","Landkreis",26.8,4.64,538.2,30.8,20.5,48.2,83.5,55.9,114.7,62.6,"752,5",142.5,"6.085,90","373,5","66",46.4,55.6,15.6,5.7,4.1,28,62,18,38,17,"1.810",58,"2.497",48,"1.893",48,"274",99,"587"
16051,"Erfurt, Stadt","krsfr. Stadt",24.9,7.92,469.4,24.9,24.2,50.6,86.4,53.2,118.8,47.3,"2.549,80",9.4,"106,4","17,7","789",45.3,27.5,12.4,6.6,3.8,10,11,1,0,0,"555",89,"752",82,"678",84,"242",99,"446"
16052,"Gera, Stadt","krsfr. Stadt",32.7,10.21,557.9,33,23.5,43.2,98.1,93.6,134.7,50.2,"2.458,80",12.9,"288,7","13,7","623",43,39.8,14.9,7.6,4.7,5,59,31,0,0,"676",86,"768",83,"799",81,"248",98,"478"
16053,"Jena, Stadt","krsfr. Stadt",28.8,13.07,374.4,29.5,28.2,42.2,77,74.7,111.4,59.2,"3.338,30",8.1,"364,5","9,2","968",46.4,27.6,13.2,6.2,3.9,6,42,0,0,0,"465",92,"612",85,"700",82,"245",100,"399"
16054,"Suhl, Stadt","krsfr. Stadt",31.3,15.75,605.4,24.2,20.5,54.8,116.6,74.8,135.6,49.2,"1.773,40",24.1,"1.852,10","13,1","341",54.7,45.6,17.1,6.5,2.7,4,39,41,33,0,"866",77,"1.047",64,"1.168",69,"276",99,"551"
16055,"Weimar, Stadt","krsfr. Stadt",24.8,8.7,572.3,38.4,24.3,37,113.9,85.8,144.5,55.9,"2.192,10",9.7,"271,2","11,2","763",51.4,49.2,12.1,7.4,3.9,6,28,3,22,0,"503",90,"795",81,"670",82,"188",100,"440"
16056,"Eisenach, Stadt","krsfr. Stadt",39.8,9.3,595.2,29.3,24.9,45.4,122.9,56.9,160.6,46.3,"1.979,10",20.2,"907","31,4","410",57.3,40,13.3,6.1,2.9,5,42,2,49,0,"601",85,"887",74,"950",76,"264",99,"505"
16061,"Eichsfeld","Landkreis",22.9,4.13,576.3,20.7,17.1,61.7,95.6,49.6,103.4,47.2,"1.088,30",85.5,"2.816,20","69,7","107",70.3,72.4,11.2,4.7,2.3,12,84,35,35,10,"1.707",56,"2.270",44,"1.753",51,"640",83,"590"
16062,"Nordhausen","Landkreis",26,11.54,641.3,21.2,25.9,52,146.1,59.6,181.6,52.1,"1.074,40",76.2,"2.543,30","136,8","119",57.2,59.6,13.3,5.3,2.6,8,72,54,54,11,"1.203",68,"1.949",57,"1.405",63,"461",90,"553"
16063,"Wartburgkreis","Landkreis",22.6,4.22,516.4,16.8,19.2,63.9,84.5,32,105.8,55.2,"1.023,30",97,"4.053,80","105,8","95",72.2,78.9,11.2,4.4,2,17,58,23,49,13,"1.566",55,"2.202",41,"1.748",48,"491",89,"609"
16064,"Unstrut-Hainich-Kreis","Landkreis",25.1,12.27,656.3,22.4,21.1,56.1,116.1,52.9,146.1,54,"1.165,10",87.1,"1.841,50","133,2","106",59.5,64.9,13.1,5.9,2.9,27,49,34,49,10,"1.428",65,"1.976",53,"1.349",67,"513",91,"539"
16065,"Kyffhäuserkreis","Landkreis",26.4,5.99,677.7,19.4,19.7,60.6,106.7,50,140.5,51.2,"803,7",126.4,"3.289,30","152,2","73",57.2,68.5,17,6.6,3.6,16,47,47,48,13,"1.525",64,"2.367",47,"2.155",46,"591",87,"584"
16066,"Schmalkalden-Meiningen","Landkreis",26.8,6.52,608,24.9,18.5,56.5,100,58.1,116.4,56.1,"1.073,00",89.9,"4.759,50","60,8","102",66,70.4,12.6,5.2,2.3,17,56,45,40,11,"1.265",68,"2.398",49,"1.974",48,"565",88,"602"
16067,"Gotha","Landkreis",23.6,3.75,516,26.5,20.4,52.7,78.5,44.1,110.2,49.8,"1.324,20",62.4,"2.034,10","96,2","145",67.2,70.7,9.6,6.3,3.2,9,24,14,31,13,"1.186",69,"2.115",52,"1.319",63,"350",96,"552"
16068,"Sömmerda","Landkreis",24.3,0,620.8,32.2,14.8,52.6,66.8,57.7,101.1,55.2,"970,8",106.3,"967,2","196,8","87",73.3,75.6,10.7,6.2,3.8,10,26,25,27,13,"1.862",52,"2.440",49,"1.866",48,"686",84,"570"
16069,"Hildburghausen","Landkreis",26.6,7.96,562.4,16.4,24.7,58.8,122.5,30.5,142.7,51.5,"795,3",135.4,"6.782,40","125,9","68",66.7,75.2,9.9,3.5,1.6,13,63,41,28,14,"1.860",47,"2.599",37,"2.181",37,"1.090",73,"612"
16070,"Ilm-Kreis","Landkreis",23.9,5.14,479.8,20.9,22.1,56.6,83.3,43.8,110.1,54.9,"1.193,70",70.2,"3.411,20","70,2","129",66,69.4,10.8,6.3,3.6,8,26,28,31,10,"1.302",68,"1.787",56,"1.473",61,"496",89,"542"
16071,"Weimarer Land","Landkreis",20.7,12.97,475,15.1,22.8,61.9,81.6,24.1,116.6,55.9,"969,1",88.8,"1.635,10","91,2","102",68.6,74.7,10.7,5.9,3.5,13,34,17,23,12,"1.770",48,"2.848",37,"1.825",44,"896",76,"580"
16072,"Sonneberg","Landkreis",37.3,6.74,544,25.7,22,52.1,95.3,60,127,55.5,"1.367,00",70.6,"4.757,20","64,4","130",62.8,66.3,7.8,2.7,1.6,18,69,31,28,5,"1.375",58,"1.428",55,"1.283",58,"526",88,"590"
16073,"Saalfeld-Rudolstadt","Landkreis",34.5,9.18,564.2,27.7,21.2,50.9,104,60.7,125.5,55.5,"1.162,90",89,"5.226,10","121,8","104",62.5,68.3,10.8,5.1,2.9,28,52,18,46,9,"1.423",62,"1.523",60,"1.597",56,"556",86,"570"
16074,"Saale-Holzland-Kreis","Landkreis",24.1,7.73,463.5,24.8,19.2,55.8,74.2,40.8,94.1,58.3,"1.060,60",90.2,"3.630,00","70,6","102",76.6,79.8,11.3,5.8,3.6,10,47,20,20,11,"1.677",54,"2.142",48,"1.717",54,"646",82,"586"
16075,"Saale-Orla-Kreis","Landkreis",34.4,1.46,460,31.2,17.9,50.5,77.7,63.7,86.1,52.9,"884,9",131.2,"5.748,30","380,1","71",69.6,70,11,4.7,2.7,12,72,35,32,8,"1.686",54,"2.084",48,"2.108",42,"1.128",69,"616"
16076,"Greiz","Landkreis",28.2,4.08,510.2,31.4,25.2,43.3,102.7,74.4,133.7,61.7,"939,5",77.1,"2.213,90","130","117",64.9,72,12.4,5.9,3.5,13,69,41,21,8,"1.654",55,"1.963",49,"1.615",50,"735",76,"605"
16077,"Altenburger Land","Landkreis",25.4,6.56,545.1,25.1,23.8,50.9,101.9,58.8,136.1,54.5,"1.198,40",56.3,"723,4","106,5","159",65,71.7,15.2,6.4,4.3,14,64,45,28,8,"1.458",62,"1.774",55,"1.373",57,"594",83,"565"
