krs,name,hasc_2,bundesland,centr_lon,centr_lat,x_epsg5243,y_epsg5243,total_area_epsg5243
01001,Flensburg,DE.SH.FE,Schleswig-Holstein,9.43852836776118,54.7849933982176,-68362.14718328179,421570.4543089994,49326264.06890933
01002,Kiel,DE.SH.KE,Schleswig-Holstein,10.13224434904341,54.324840654108314,-23941.631358656297,369869.3553667455,111862292.7853527
01003,Lübeck,DE.SH.LB,Schleswig-Holstein,10.727283131172603,53.87231671373528,14941.741692592228,319446.6549137599,211537873.33479455
01004,Neumünster,DE.SH.NU,Schleswig-Holstein,9.984481926142708,54.081124417898025,-33751.31889225926,342788.9963609519,71494791.40263332
01051,Dithmarschen,DE.SH.DT,Schleswig-Holstein,9.107814546021107,54.13291097631734,-91040.47778555335,349274.56236156385,1423431580.026863
01053,Herzogtum Lauenburg,DE.SH.HL,Schleswig-Holstein,10.60185922402123,53.589002383998036,6725.873706523473,287879.9074635005,1262794007.5508673
01054,Nordfriesland,DE.SH.NR,Schleswig-Holstein,8.88688771029886,54.609564102387175,-104276.51427914771,402616.9787111719,2176461243.1208677
01055,Ostholstein,DE.SH.OT,Schleswig-Holstein,10.81942700861584,54.18964898216341,20786.891827692158,354760.44414537016,1390193374.6280978
01056,Pinneberg,DE.SH.PN,Schleswig-Holstein,9.7368667678125,53.71808404766767,-50374.30187690193,302513.76858124434,637853836.2549964
01057,Plön,DE.SH.PO,Schleswig-Holstein,10.363695164237653,54.24338860838764,-8906.643439817999,360740.0338690987,1084283012.6353674
01058,Rendsburg-Eckernförde,DE.SH.RE,Schleswig-Holstein,9.781742063931185,54.28961572422334,-46825.03191042644,366084.9420615773,2171779906.7420626
01059,Schleswig-Flensburg,DE.SH.SF,Schleswig-Holstein,9.488709228923526,54.619019578049105,-65391.037507496716,403004.6407236849,1920780280.6775575
01060,Segeberg,DE.SH.SG,Schleswig-Holstein,10.140914779083362,53.919985786399415,-23619.220557506138,324786.3522194905,1346662207.3513584
01061,Steinburg,DE.SH.SE,Schleswig-Holstein,9.519381863841419,53.92894521036705,-64429.398113834926,326149.57313420693,1018553041.6924077
01062,Stormarn,DE.SH.SO,Schleswig-Holstein,10.331639875821317,53.7208005950511,-11131.204529278888,302555.2192886618,766079680.4968216
02000,Hamburg,DE.HH.HM,Hamburg,10.020794357398568,53.54637733282455,-31752.073467259284,283247.1498593457,736247665.3992451
03101,Braunschweig,DE.NI.BA,Niedersachsen,10.524107955126047,52.27522113713051,1643.1953417265986,141751.82980391494,191961556.98744577
03102,Salzgitter,DE.NI.SL,Niedersachsen,10.370726172444353,52.12447437559664,-8847.08434053725,124997.33676086456,224568280.00301403
03103,Wolfsburg,DE.NI.WL,Niedersachsen,10.784870726984474,52.41074738323744,19371.407264484416,156859.2378724026,204687442.78883475
03151,Gifhorn,DE.NI.GF,Niedersachsen,10.604170442991286,52.58025627005769,7050.220179736191,175657.09307054325,1567295095.966711
03152,Göttingen,DE.NI.GT,Niedersachsen,9.926235138400214,51.498939016029475,-39828.1780582012,55617.681686469776,1116569179.0075693
03153,Goslar,DE.NI.GS,Niedersachsen,10.400392672832075,51.874677141884675,-6839.360653514344,97218.91138230263,967322031.0568058
03154,Helmstedt,DE.NI.HL,Niedersachsen,10.888838726856418,52.260744265707224,26533.413444628182,140196.9041868634,674586699.9666547
03155,Northeim,DE.NI.NR,Niedersachsen,9.848008922356366,51.74258731222823,-45004.116171540656,82737.53303256335,1267502957.6498134
03156,Osterode am Harz,DE.NI.OH,Niedersachsen,10.371446678583235,51.67796464762395,-8870.226080847975,75362.65265091996,634999268.5271739
03157,Peine,DE.NI.PI,Niedersachsen,10.25528776872511,52.304191373259606,-16680.728366759642,144998.55975368447,535526699.12325305
03158,Wolfenbüttel,DE.NI.WB,Niedersachsen,10.583953746277327,52.12699755178782,5730.897404294412,125280.53137518062,723177858.4318019
03241,Region Hannover,DE.NI.HA,Niedersachsen,9.71979899025551,52.42193708352299,-53034.74085622116,158340.91795015417,2294200832.3726883
03251,Diepholz,DE.NI.DE,Niedersachsen,8.70179908606548,52.72848578605295,-121441.861300987,193613.7874496726,1988365865.3756282
03252,Hameln-Pyrmont,DE.NI.HP,Niedersachsen,9.389895471845476,52.09513819908353,-76013.79503119261,122300.77676127278,796696866.2762642
03254,Hildesheim,DE.NI.HH,Niedersachsen,9.943480987410123,52.09021903011694,-38115.87691951995,121319.80567400079,1205657722.8935618
03255,Holzminden,DE.NI.HZ,Niedersachsen,9.551402722959988,51.880632556033724,-65270.80512675227,98297.4888406865,693294463.7142413
03256,Nienburg (Weser),DE.NI.NE,Niedersachsen,9.114312909944204,52.60922284087261,-93837.85446923938,179759.94416675184,1399541465.9998913
03257,Schaumburg,DE.NI.SH,Niedersachsen,9.206561977072147,52.29279237211035,-88187.38480366845,144476.35028298624,675212573.036856
03351,Celle,DE.NI.CL,Niedersachsen,10.10356618045684,52.71334318484365,-26771.934104991415,190533.02685690523,1548115503.1781244
03352,Cuxhaven,DE.NI.CX,Niedersachsen,8.812382389300103,53.6165865190056,-111692.633446019,292208.3792445208,2058213840.4029455
03353,Harburg,DE.NI.HR,Niedersachsen,9.96273885730883,53.31577338851021,-35799.2080553329,257623.1495398506,1248292854.8881676
03354,Lüchow-Dannenberg,DE.NI.LD,Niedersachsen,11.122919827680029,53.01987172760233,41792.18258903162,224745.74443183368,1225391051.178699
03355,Lüneburg,DE.NI.LN,Niedersachsen,10.573256834641004,53.23257533921606,4874.811803350729,248253.88648234002,1326270403.6836538
03356,Osterholz,DE.NI.OT,Niedersachsen,8.808080891140092,53.251006719857614,-112884.1692503627,251580.17329644773,652834460.0661438
03357,Rotenburg (Wümme),DE.NI.RT,Niedersachsen,9.306584822247675,53.25075838700661,-79576.14720628729,250859.3431714053,2072610696.3549855
03358,Heidekreis,DE.NI.HD,Niedersachsen,9.769411460459155,52.928330092178705,-49153.00618054034,214600.74795208577,1880247045.5219238
03359,Stade,DE.NI.SA,Niedersachsen,9.418070433154366,53.57897618739199,-71614.71122599086,287271.95051843504,1208364394.2205293
03360,Uelzen,DE.NI.UL,Niedersachsen,10.547581119812536,52.98363493792186,3197.866371810313,220527.66714514306,1461047039.0769749
03361,Verden,DE.NI.VR,Niedersachsen,9.175464491269304,52.973235649936754,-88918.8672877933,220173.01462072055,788572776.3241823
03401,Delmenhorst,DE.NI.DL,Niedersachsen,8.645682905334,53.04940432270054,-124287.60950745999,229418.90365223083,62369661.84967709
03402,Emden,DE.NI.ED,Niedersachsen,7.181584121941034,53.36067904012968,-220804.52265514212,267468.851154546,112426717.00178717
03403,Oldenburg,DE.NI.OL,Niedersachsen,8.224359050291257,53.14457812967332,-152190.6066079492,240794.48168213177,103619316.21223025
03404,Osnabrück,DE.NI.ON,Niedersachsen,8.04703287081216,52.27767976097376,-167260.09951290747,144817.77546613995,120066789.33128494
03405,Wilhelmshaven,DE.NI.WH,Niedersachsen,8.086204580450355,53.56594486107727,-159886.2830195613,287947.48337767355,104380351.10817353
03451,Ammerland,DE.NI.AM,Niedersachsen,8.013262309183789,53.21848815416706,-166027.70635082782,249469.774930031,729242203.8168142
03452,Aurich,DE.NI.AR,Niedersachsen,7.368089624552928,53.49643075556665,-207743.1326579136,282011.0502006963,1289323201.4138074
03453,Cloppenburg,DE.NI.CO,Niedersachsen,7.904713970099865,52.911028990395344,-174461.62579331192,215507.82751523805,1419743653.9515774
03454,Emsland,DE.NI.ES,Niedersachsen,7.402688643566428,52.73829699401943,-209030.17752693922,197567.36007776833,2880535895.806444
03455,Friesland,DE.NI.FI,Niedersachsen,7.983247467527886,53.5103628610508,-166901.5752892547,281963.1322245791,622128582.331717
03456,Grafschaft Bentheim,DE.NI.GB,Niedersachsen,7.019856649838818,52.47605342722556,-236184.44992953332,169660.4869871164,980667608.0343969
03457,Leer,DE.NI.LE,Niedersachsen,7.469761687794872,53.243541711702676,-202160.6419656209,253612.74030869314,1089194016.5903778
03458,Oldenburg,DE.NI.OS,Niedersachsen,8.389396614817095,52.98807691582417,-141647.67720143232,223057.95760173953,1064185383.3292508
03459,Osnabrück,DE.NI.ON,Niedersachsen,8.045157302158842,52.3816139558681,-166935.2174936162,156321.81913570117,2118599083.233457
03460,Vechta,DE.NI.VC,Niedersachsen,8.223057930537994,52.66029014655591,-153963.98682604515,186933.17012155274,812448907.1408079
03461,Wesermarsch,DE.NI.WS,Niedersachsen,8.388646218770022,53.357641834028136,-140513.58571518466,264121.9726180345,831818082.6604294
03462,Wittmund,DE.NI.WT,Niedersachsen,7.7061235958933585,53.57341360895309,-185005.24362840597,289660.18836883514,650555939.6317282
04011,Bremen,DE.HB.BR,Bremen,8.78049378602655,53.11954338818026,-115052.2901358146,236989.5801189693,325490188.14365077
04012,Bremerhaven,DE.HB.BH,Bremen,8.588505166895596,53.5381663046201,-126705.77257308086,283877.7636504896,74056678.63941956
05111,Düsseldorf,DE.NW.DS,Nordrhein-Westfalen,6.810202633753217,51.23545693058013,-257345.4341125261,32622.96224974836,217157044.44761994
05112,Duisburg,DE.NW.DI,Nordrhein-Westfalen,6.734691909830946,51.43961580397015,-261449.8153762049,55551.10086092098,232677287.78653428
05113,Essen,DE.NW.ES,Nordrhein-Westfalen,7.017153978579962,51.433832769858995,-241882.45862720764,53945.7819029427,210077198.1746441
05114,Krefeld,DE.NW.KF,Nordrhein-Westfalen,6.579667965622494,51.34521920996013,-272762.99002349883,45642.065135071236,136441962.73861018
05116,Mönchengladbach,DE.NW.MG,Nordrhein-Westfalen,6.41197448574642,51.16719358768723,-285519.3284811898,26519.961196392647,170438583.83531034
05117,Mülheim an der Ruhr,DE.NW.MR,Nordrhein-Westfalen,6.878461611964171,51.41378152403492,-251617.29484945137,52187.10287472572,91073390.80441569
05119,Oberhausen,DE.NW.OE,Nordrhein-Westfalen,6.8471206270444105,51.51313137060242,-253243.19532013082,63323.38565640506,77348661.0528738
05120,Remscheid,DE.NW.RM,Nordrhein-Westfalen,7.224115658295751,51.18269332124585,-228762.18287378523,25402.264378126085,73891870.44899493
05122,Solingen,DE.NW.SL,Nordrhein-Westfalen,7.066069811017084,51.16245517799574,-239895.67143530247,23658.542576196476,88829991.51358196
05124,Wuppertal,DE.NW.WP,Nordrhein-Westfalen,7.168930021099377,51.25060362672523,-232272.1947827387,33115.53193426264,168099098.77400565
05154,Kleve,DE.NW.KV,Nordrhein-Westfalen,6.258809083258184,51.652363149062325,-293077.07754220295,80923.70894041611,1231116203.605805
05158,Mettmann,DE.NW.MT,Nordrhein-Westfalen,6.969065114438394,51.25710428052709,-246168.527283472,34473.98979223659,407033037.9455035
05162,Rhein-Kreis Neuss,DE.NW.RN,Nordrhein-Westfalen,6.649323206711379,51.14357130985259,-269095.1692896511,22996.64202821335,575718373.0701193
05166,Viersen,DE.NW.VE,Nordrhein-Westfalen,6.32612043552968,51.282820289067985,-290788.42778491596,39690.16314631623,562458514.188133
05170,Wesel,DE.NW.WS,Nordrhein-Westfalen,6.618362621207817,51.62704249775181,-268427.2208617815,76770.30394834814,1040517231.3718473
05314,Bonn,DE.NW.BN,Nordrhein-Westfalen,7.109839367145968,50.70573458943921,-239180.03995283454,-27192.185228822873,141453279.3229895
05315,Köln,DE.NW.KO,Nordrhein-Westfalen,6.973218634866046,50.94566682858409,-247524.9563879203,-106.41987801255785,405913967.76375294
05316,Leverkusen,DE.NW.LV,Nordrhein-Westfalen,7.015474185904529,51.05306628974064,-244003.60694918453,11680.965962267675,78655978.76224075
05334,Städteregion Aachen,DE.NW.AC,Nordrhein-Westfalen,6.216727209807893,50.72750453826768,-301970.79477116,-21514.850115666966,708105704.9693874
05358,Düren,DE.NW.DR,Nordrhein-Westfalen,6.445561589597554,50.817895047123585,-285301.0873511217,-12395.289781360536,938500169.9725182
05362,Rhein-Erft-Kreis,DE.NW.RE,Nordrhein-Westfalen,6.7164910394102275,50.90493306484752,-265755.4828285661,-3735.6681203140174,701681393.864659
05366,Euskirchen,DE.NW.EK,Nordrhein-Westfalen,6.644151968422581,50.53647318732382,-273012.4979521052,-44370.962755093424,1248088394.0144172
05370,Heinsberg,DE.NW.HI,Nordrhein-Westfalen,6.1641130314944315,51.049348940502504,-303590.9754699759,14438.017336097691,626252958.1158774
05374,Oberbergischer Kreis,DE.NW.OK,Nordrhein-Westfalen,7.516628778807093,51.01270922955687,-209089.64813723895,5639.823027756091,916530622.8842837
05378,Rheinisch-Bergischer Kreis,DE.NW.RB,Nordrhein-Westfalen,7.194846599508273,51.02300444145493,-231597.60548294883,7753.063024071408,437360216.05519974
05382,Rhein-Sieg-Kreis,DE.NW.RS,Nordrhein-Westfalen,7.2345730359408655,50.76063894281966,-230140.91307952028,-21489.003986881304,1149961201.9947698
05512,Bottrop,DE.NW.BT,Nordrhein-Westfalen,6.920116162249353,51.57169388586477,-247869.7759058644,69574.9663520306,100077567.4935001
05513,Gelsenkirchen,DE.NW.GL,Nordrhein-Westfalen,7.07124032459569,51.55395640388476,-237504.57324962708,67107.35835181198,105190969.71298175
05515,Münster,DE.NW.MN,Nordrhein-Westfalen,7.623646817450454,51.95431672765071,-197523.10380126757,109936.44664564576,303028786.6473767
05554,Borken,DE.NW.BR,Nordrhein-Westfalen,6.8996155765962754,51.96131985161526,-247203.89242904432,112884.63550993692,1418816703.475603
05558,Coesfeld,DE.NW.CE,Nordrhein-Westfalen,7.366012238921911,51.86685104161817,-215596.0192270994,100937.54644251881,1110264054.3739595
05562,Recklinghausen,DE.NW.RC,Nordrhein-Westfalen,7.159248926552868,51.672483881432726,-230809.2898390666,79988.23094230574,759974130.4464282
05566,Steinfurt,DE.NW.SF,Nordrhein-Westfalen,7.579446797865736,52.211536699709335,-199434.6611134667,138633.22781298053,1792631912.5546649
05570,Warendorf,DE.NW.WR,Nordrhein-Westfalen,7.95829499837993,51.8702228061063,-174858.11098882149,99735.15679558221,1316385500.3369508
05711,Bielefeld,DE.NW.BE,Nordrhein-Westfalen,8.540743910290127,52.010948567516266,-134395.08101188426,114159.26040357929,258629404.40576893
05754,Gütersloh,DE.NW.GT,Nordrhein-Westfalen,8.351386017569828,51.93170895601004,-147625.69976127933,105705.82872959414,967818198.1443763
05758,Herford,DE.NW.HF,Nordrhein-Westfalen,8.643931634557585,52.16757777011564,-126876.51345029307,131389.15080685157,450026797.0096258
05762,Höxter,DE.NW.HX,Nordrhein-Westfalen,9.178091496226287,51.684940757770995,-91339.89533800473,76929.19745116125,1198558280.786782
05766,Lippe,DE.NW.LP,Nordrhein-Westfalen,8.950837238521965,51.98142267424629,-106336.5628502512,110204.30534287324,1243731676.9672577
05770,Minden-Lübbecke,DE.NW.ML,Nordrhein-Westfalen,8.739348345525828,52.35247549149911,-119851.65423198814,151781.65226612304,1150239288.0702105
05774,Paderborn,DE.NW.PD,Nordrhein-Westfalen,8.719635023173941,51.66417550257864,-123058.18797298381,75297.80181193135,1244552348.6635177
05911,Bochum,DE.NW.BC,Nordrhein-Westfalen,7.224935227669396,51.46992733351243,-227284.44153570372,57293.57069257053,144449124.33588013
05913,Dortmund,DE.NW.DD,Nordrhein-Westfalen,7.474900886907789,51.51607755569996,-209735.30235844708,61674.60023613948,279165869.3040043
05914,Hagen,DE.NW.HG,Nordrhein-Westfalen,7.497555644354694,51.34804507587248,-208927.1493423857,42948.40112731281,160078683.07516566
05915,Hamm,DE.NW.HM,Nordrhein-Westfalen,7.823586194507905,51.6651744306397,-184968.05837845357,77300.15985310223,227217166.54341802
05916,Herne,DE.NW.HR,Nordrhein-Westfalen,7.208557706146242,51.53753312657581,-228083.4793830067,64852.12629356495,51402844.67938865
05954,Ennepe-Ruhr-Kreis,DE.NW.ER,Nordrhein-Westfalen,7.324029343332417,51.346844807326114,-220996.7028761033,43318.680229484,410247800.4215918
05958,Hochsauerlandkreis,DE.NW.HC,Nordrhein-Westfalen,8.385079871270161,51.3068253640953,-147326.87327660323,36228.772406712866,1955884877.1535394
05962,Märkischer Kreis,DE.NW.MK,Nordrhein-Westfalen,7.713008117093293,51.26261143829676,-194313.76307320714,32851.86436070178,1058956706.9748427
05966,Olpe,DE.NW.OP,Nordrhein-Westfalen,7.9764771968189505,51.08615956947803,-176625.3945012848,12602.628107780722,710435001.8688958
05970,Siegen-Wittgenstein,DE.NW.SW,Nordrhein-Westfalen,8.195170219804702,50.93773864052224,-161861.1477332855,-4391.1153704976605,1132122459.1501834
05974,Soest,DE.NW.SO,Nordrhein-Westfalen,8.217437458017114,51.564410486310784,-158106.40868371254,65188.34373741959,1327181340.9069834
05978,Unna,DE.NW.UN,Nordrhein-Westfalen,7.636444589851011,51.57857453641248,-198262.4600922588,68157.43279365014,541750712.9416922
06411,Darmstadt,DE.HE.DR,Hessen,8.664681576013162,49.88144615306621,-131805.0138703212,-122677.13886078702,122906650.8959065
06412,Frankfurt am Main,DE.HE.FM,Hessen,8.64419041215204,50.11796807026801,-132615.26742954398,-96359.5074188059,247838607.16582584
06413,Offenbach am Main,DE.HE.OM,Hessen,8.780962334775143,50.09107871723499,-122909.4664363175,-99583.21262937551,45279934.716659226
06414,Wiesbaden,DE.HE.WE,Hessen,8.260366473067856,50.079156684691824,-160160.42959957,-99906.05647930189,203521932.69085082
06431,Bergstraße,DE.HE.BR,Hessen,8.660116112450545,49.617701224104025,-132847.14530495947,-151975.80156649498,718252219.1472039
06432,Darmstadt-Dieburg,DE.HE.DD,Hessen,8.795469816082228,49.8555038253092,-122491.06290404634,-125784.35401453768,657090681.657233
06433,Groß-Gerau,DE.HE.GG,Hessen,8.470252413411608,49.90450862465357,-145692.24041194408,-119759.69994332756,452607478.02486104
06434,Hochtaunuskreis,DE.HE.HC,Hessen,8.50464604248173,50.28161523073859,-142082.1698461439,-77920.75118539883,480031255.8684119
06435,Main-Kinzig-Kreis,DE.HE.MK,Hessen,9.286222932412983,50.243864513273664,-86539.23971702618,-83313.14344953939,1394658089.3781357
06436,Main-Taunus-Kreis,DE.HE.MT,Hessen,8.4345712442531,50.10257890547213,-147636.04712370297,-97671.97933037765,221212526.51965526
06437,Odenwaldkreis,DE.HE.OE,Hessen,8.979525286697115,49.67158616189648,-109679.33353045232,-146528.16791145335,624144340.3070385
06438,Offenbach,DE.HE.OF,Hessen,8.811439155450326,50.02167743441175,-120910.76429811002,-107342.16118358658,355628786.86318237
06439,Rheingau-Taunus-Kreis,DE.HE.RT,Hessen,8.081134696934493,50.14197170713495,-172768.52860017234,-92526.01654004592,810794711.2544818
06440,Wetteraukreis,DE.HE.WT,Hessen,8.907656993240618,50.354776487980196,-113219.13755518613,-70478.90041008954,1098958029.021386
06531,Gießen,DE.HE.GE,Hessen,8.80751373199659,50.57027793457954,-119781.73848522868,-46383.435899868164,853895773.4832336
06532,Lahn-Dill-Kreis,DE.HE.LD,Hessen,8.365328261445018,50.64826876562476,-150802.44213300804,-36924.3245504084,1063253107.9189324
06533,Limburg-Weilburg,DE.HE.LW,Hessen,8.199437258534354,50.427470347580496,-163302.10559824258,-61084.699522173905,737830181.8746268
06534,Marburg-Biedenkopf,DE.HE.MB,Hessen,8.73804377814407,50.8368638489566,-123992.494596624,-16641.66464131231,1259737376.8508866
06535,Vogelsbergkreis,DE.HE.VG,Hessen,9.271379583519922,50.638119372583255,-86828.46064025114,-39507.394331354786,1455563162.5936038
06611,Kassel,DE.HE.KL,Hessen,9.460202977816648,51.31145473634454,-72430.56103185109,35129.131613368525,104274632.79887749
06631,Fulda,DE.HE.FL,Hessen,9.759139153140092,50.5638809540287,-52455.310741470574,-48221.05167148618,1379125583.1482713
06632,Hersfeld-Rotenburg,DE.HE.HR,Hessen,9.75293237952443,50.90618959813162,-52507.69139259715,-10166.686024350454,1095796794.1534915
06633,Kassel,DE.HE.KL,Hessen,9.40703897338677,51.40129612972988,-75998.35049175375,45143.00564815666,1292923669.5410118
06634,Schwalm-Eder-Kreis,DE.HE.SE,Hessen,9.373652370188843,51.023775845094626,-78967.48290465145,3229.3233399956584,1536580826.2415361
06635,Waldeck-Frankenberg,DE.HE.WF,Hessen,8.888884280463508,51.190687595958266,-112538.93067724926,22389.869275336125,1844375140.862383
06636,Werra-Meißner-Kreis,DE.HE.WM,Hessen,9.928906160833892,51.19075637334846,-39866.62455651688,21342.14292820207,1022569163.8209945
07111,Koblenz,DE.RP.KO,Rheinland-Pfalz,7.5795511561186695,50.34851604950004,-207637.00593754166,-68283.54215428486,105843930.51791498
07131,Ahrweiler,DE.RP.AR,Rheinland-Pfalz,7.0449765320030435,50.4675853575063,-245010.9887174313,-53417.11375729096,785590765.7750951
07132,Altenkirchen (Westerwald),DE.RP.AT,Rheinland-Pfalz,7.744125213506885,50.75074765989225,-194285.3525948319,-24063.47208784643,640059193.1897075
07133,Bad Kreuznach,DE.RP.BK,Rheinland-Pfalz,7.686665013874493,49.82482040526208,-202259.41386938523,-126747.38557466428,862917599.141785
07134,Birkenfeld,DE.RP.BR,Rheinland-Pfalz,7.277654658900667,49.712540407736455,-232188.93439261924,-138015.42866275363,776210230.4571955
07135,Cochem-Zell,DE.RP.CZ,Rheinland-Pfalz,7.1743199885904625,50.132880006623076,-237507.35297581696,-91009.9476658907,691959401.5189166
07137,Mayen-Koblenz,DE.RP.MK,Rheinland-Pfalz,7.332169443189098,50.33160788472189,-225295.88321329714,-69429.67139441485,815171604.5719676
07138,Neuwied,DE.RP.NU,Rheinland-Pfalz,7.469000627581352,50.55770057833544,-214530.28774930743,-44739.590068656136,626583184.7563778
07140,Rhein-Hunsrück-Kreis,DE.RP.RH,Rheinland-Pfalz,7.500099706244966,50.04420983795506,-214674.45309503458,-101864.58195792003,989729084.582614
07141,Rhein-Lahn-Kreis,DE.RP.RN,Rheinland-Pfalz,7.8427099553947945,50.26328169863242,-189285.46974353265,-78465.63477348645,780234593.6535027
07143,Westerwaldkreis,DE.RP.WS,Rheinland-Pfalz,7.865681375978124,50.55234935896922,-186502.4273468492,-46425.00401031159,988473236.627911
07211,Trier,DE.RP.TI,Rheinland-Pfalz,6.65505099520119,49.762938825044664,-276717.5444478857,-130257.5118572331,115933773.20772132
07231,Bernkastel-Wittlich,DE.RP.BW,Rheinland-Pfalz,6.967218591629674,49.92464517071836,-253387.90056642567,-113445.77980392004,1167404409.4292848
07232,Eifelkreis Bitburg-Prüm,DE.RP.EB,Rheinland-Pfalz,6.410129969414522,50.062159767749044,-292466.120565294,-96123.42708341406,1625391458.599483
07233,Vulkaneifel,DE.RP.VL,Rheinland-Pfalz,6.748653731612101,50.238335890360425,-267280.57834605756,-77835.36723095225,910151276.5331599
07235,Trier-Saarburg,DE.RP.TS,Rheinland-Pfalz,6.69519560909636,49.69647114113448,-274221.35678060865,-137793.4575690294,1103317756.4666128
07311,Frankenthal (Pfalz),DE.RP.FA,Rheinland-Pfalz,8.35688391287885,49.53306406329831,-155031.29931765483,-160785.23192578286,43731971.39876128
07312,Kaiserslautern,DE.RP.KL,Rheinland-Pfalz,7.760674819840365,49.43285256042546,-198554.92301441167,-170484.86062044147,140091029.10776865
07313,Landau in der Pfalz,DE.RP.LP,Rheinland-Pfalz,8.050600710377843,49.224493824057504,-178309.0453167957,-194377.20371467434,82996085.13709104
07314,Ludwigshafen am Rhein,DE.RP.LR,Rheinland-Pfalz,8.396844582354788,49.48208769940621,-152301.979129859,-166533.33376475482,77761306.81988528
07315,Mainz,DE.RP.MI,Rheinland-Pfalz,8.241497061535242,49.974186493836214,-161867.24009549717,-111526.46238034352,97519673.1523039
07316,Neustadt an der Weinstraße,DE.RP.NW,Rheinland-Pfalz,8.152287799984691,49.34187585824836,-170502.45114292784,-181573.89386334262,117219280.78296264
07317,Pirmasens,DE.RP.PR,Rheinland-Pfalz,7.594363126740894,49.19712714109418,-211640.04735688164,-196206.83569131754,61416650.540180646
07318,Speyer,DE.RP.SE,Rheinland-Pfalz,8.435019647864685,49.32971825232933,-150013.3085980484,-183542.92591072255,42767262.37601176
07319,Worms,DE.RP.WR,Rheinland-Pfalz,8.324528690543412,49.64944561300139,-156989.38175798117,-147786.936788205,108646288.21132433
07320,Zweibrücken,DE.RP.ZE,Rheinland-Pfalz,7.365393912059995,49.248160773387816,-228067.6838315784,-189854.26846801024,70818141.24315003
07331,Alzey-Worms,DE.RP.AW,Rheinland-Pfalz,8.157184962252336,49.759441374646926,-168663.38366348093,-135195.04484846417,587241688.6499346
07332,Bad Dürkheim,DE.RP.BD,Rheinland-Pfalz,8.110304949154365,49.453020598018846,-173161.6804085484,-169135.60699257927,593414405.7899067
07333,Donnersbergkreis,DE.RP.DN,Rheinland-Pfalz,7.915011270191681,49.63198305232825,-186591.9764255177,-148770.82773916383,643874380.3377835
07334,Germersheim,DE.RP.GR,Rheinland-Pfalz,8.246193795179321,49.1159081511182,-164469.91380216632,-206911.7307011622,463092243.31255835
07335,Kaiserslautern,DE.RP.KL,Rheinland-Pfalz,7.684981554307944,49.446222335729814,-203988.39684227435,-168790.76999514794,640060615.2200105
07336,Kusel,DE.RP.KU,Rheinland-Pfalz,7.471320218331203,49.54981078436124,-219002.23621687634,-156679.8594135796,572423974.6034768
07337,Südliche Weinstraße,DE.RP.SW,Rheinland-Pfalz,8.048076061213491,49.190382409922194,-178636.92089965782,-198170.14348432297,638941783.9773463
07338,Rhein-Pfalz-Kreis,DE.RP.RZ,Rheinland-Pfalz,8.360681199531475,49.416650004070235,-155126.5833473251,-173744.70071601178,304301731.23077834
07339,Mainz-Bingen,DE.RP.MB,Rheinland-Pfalz,8.079648641438165,49.92201391634691,-173625.95658101223,-116947.33338689595,604645650.5571995
07340,Südwestpfalz,DE.RP.SD,Rheinland-Pfalz,7.658867223170159,49.20827473381441,-206885.20673315803,-195158.9545690085,953658992.0485321
08111,Stuttgart,DE.BW.SU,Baden-Württemberg,9.172067957067048,48.774533945355316,-97592.78521005336,-246496.03741444193,209883113.43268928
08115,Böblingen,DE.BW.BL,Baden-Württemberg,8.942777290523004,48.67822564153647,-114672.84049095488,-256882.10362063439,617232564.5625706
08116,Esslingen,DE.BW.ES,Baden-Württemberg,9.369165774262743,48.64802164163992,-83319.3149391174,-260805.62345481224,639718513.6242158
08117,Göppingen,DE.BW.GP,Baden-Württemberg,9.717504973785017,48.66314836652764,-57640.05501899691,-259455.71019773226,642532357.5957121
08118,Ludwigsburg,DE.BW.LD,Baden-Württemberg,9.124344262026927,48.940602983805704,-100757.38622102437,-227968.94445112423,686412700.8292093
08119,Rems-Murr-Kreis,DE.BW.RM,Baden-Württemberg,9.501212964733872,48.89900813499213,-73218.5303256528,-233044.78628196788,857137092.2673589
08121,Heilbronn,DE.BW.HB,Baden-Württemberg,9.182346883000982,49.15271955945218,-96080.63353953429,-204465.718257781,100541459.03092039
08125,Heilbronn,DE.BW.HB,Baden-Württemberg,9.190778734097078,49.17719852524593,-95434.46294554797,-201758.87853322044,1098148219.5394228
08126,Hohenlohekreis,DE.BW.HL,Baden-Württemberg,9.614135854063834,49.27154614239773,-64451.7334065031,-191735.44178876703,776467968.029258
08127,Schwäbisch Hall,DE.BW.SH,Baden-Württemberg,9.908932204930073,49.144468952221395,-43127.888981896984,-206084.22324967952,1483204687.463277
08128,Main-Tauber-Kreis,DE.BW.MT,Baden-Württemberg,9.72508834687899,49.56070071295369,-55987.7781693555,-159690.94508606172,1303558928.3471978
08135,Heidenheim,DE.BW.HH,Baden-Württemberg,10.182150468649645,48.662281426353616,-23415.811505254784,-259808.18856811654,627409598.3171421
08136,Ostalbkreis,DE.BW.OA,Baden-Württemberg,10.090157394219748,48.877525942326606,-30067.94434577264,-235833.53267482607,1509896818.5022068
08211,Baden-Baden,DE.BW.BB,Baden-Württemberg,8.23176214397107,48.74852748767024,-166766.58181498916,-247697.25922289476,140240313.8713792
08212,Karlsruhe,DE.BW.KL,Baden-Württemberg,8.412669801121742,49.011333988239215,-152639.81694266072,-218879.02461786763,173913228.46172377
08215,Karlsruhe,DE.BW.KL,Baden-Württemberg,8.56279661413589,49.0818848873519,-141476.83688797132,-211355.96078602667,1083855905.0731921
08216,Rastatt,DE.BW.RS,Baden-Württemberg,8.24124762445622,48.76181927460984,-166024.2674198764,-246251.30706041132,738223074.6988299
08221,Heidelberg,DE.BW.HD,Baden-Württemberg,8.694171802952674,49.405515296510934,-130985.18464467753,-175614.07131986608,109171248.46637473
08222,Mannheim,DE.BW.MN,Baden-Württemberg,8.500324480946196,49.49941904801421,-144754.94522556657,-164819.31809875907,144958514.3515168
08225,Neckar-Odenwald-Kreis,DE.BW.NO,Baden-Württemberg,9.28010998277388,49.46660976379465,-88393.76849903211,-169705.37440649996,1124308620.8036208
08226,Rhein-Neckar-Kreis,DE.BW.RN,Baden-Württemberg,8.767084336404693,49.36848493675906,-125788.58836774339,-179869.83498749032,1059779347.485608
08231,Pforzheim,DE.BW.PO,Baden-Württemberg,8.71277915187166,48.87640056801097,-131064.62448385876,-234455.61370486222,98425530.98952657
08235,Calw,DE.BW.CL,Baden-Württemberg,8.635769822796854,48.67899905331231,-137263.2008151674,-256268.83069620255,797103023.7642881
08236,Enzkreis,DE.BW.EZ,Baden-Württemberg,8.737081154648886,48.91446690924047,-129188.04800494155,-230270.07084812422,573008637.254537
08237,Freudenstadt,DE.BW.FE,Baden-Württemberg,8.465313075582976,48.47440614937067,-150440.09842892882,-278671.0002047272,871474533.891005
08311,Freiburg im Breisgau,DE.BW.FB,Baden-Württemberg,7.818075906315808,47.99252301181433,-200236.01120782926,-330700.7691648161,154387752.40884313
08315,Breisgau-Hochschwarzwald,DE.BW.BH,Baden-Württemberg,7.924940944592943,47.92490935088598,-192519.3772099314,-338489.8408683919,1378599929.3984683
08316,Emmendingen,DE.BW.EM,Baden-Württemberg,7.897550431313947,48.148512045110195,-193687.66617667873,-313565.1992545922,680979352.9341398
08317,Ortenaukreis,DE.BW.OR,Baden-Württemberg,8.016219927899584,48.42097196255263,-183837.06624725976,-283618.59294260584,1860283375.1932342
08325,Rottweil,DE.BW.RT,Baden-Württemberg,8.532351345761453,48.25422028773578,-146143.88409919955,-303291.6627433814,770216100.090576
08326,Schwarzwald-Baar-Kreis,DE.BW.SB,Baden-Württemberg,8.410964374725463,48.01911971089862,-155881.64059203258,-329191.49851251056,1027218256.4155402
08327,Tuttlingen,DE.BW.TT,Baden-Württemberg,8.794136189689022,48.01120042603983,-127334.55499766862,-330805.4394809499,734768044.8718781
08335,Konstanz,DE.BW.KN,Baden-Württemberg,8.915762956792449,47.793212770922025,-118773.83488512276,-355251.38203814864,863792834.6460602
08336,Lörrach,DE.BW.LR,Baden-Württemberg,7.774028821906501,47.703503989867365,-204730.70112662498,-362721.7993567424,808650683.6122862
08337,Waldshut,DE.BW.WL,Baden-Württemberg,8.218892398225615,47.69713347201274,-171349.92945755253,-364560.2924934798,1132943710.1993148
08415,Reutlingen,DE.BW.RU,Baden-Württemberg,9.365726323149856,48.406476347497446,-83984.94803661417,-287669.8716539131,1092787859.8265173
08416,Tübingen,DE.BW.TB,Baden-Württemberg,8.987634049373645,48.481737917085276,-111816.8113995549,-278788.6786472371,520268221.6365606
08417,Zollernalbkreis,DE.BW.ZL,Baden-Württemberg,8.937428393344332,48.26723888935653,-116029.6145916812,-302563.3955076989,917680844.9669485
08421,Ulm,DE.BW.UM,Baden-Württemberg,9.950021182589513,48.390832828716164,-40742.153915545845,-289896.2301468055,119391631.50544879
08425,Alb-Donau-Kreis,DE.BW.AD,Baden-Württemberg,9.827447195593075,48.40171140795538,-49834.03812078854,-288627.62324582774,1357693002.791244
08426,Biberach,DE.BW.BR,Baden-Württemberg,9.774254433133105,48.10758263947215,-54059.96099775602,-321275.74070580595,1411172578.116733
08435,Bodenseekreis,DE.BW.BD,Baden-Württemberg,9.400770021262247,47.73346028366682,-82489.43035700478,-362559.1746287308,666439288.8638899
08436,Ravensburg,DE.BW.RV,Baden-Württemberg,9.779894551588121,47.82504412999691,-53947.40253260575,-352722.15623302443,1634447592.25187
08437,Sigmaringen,DE.BW.SG,Baden-Württemberg,9.241003469749051,48.039151517204736,-93920.42277728497,-328375.9594436412,1205863939.8327112
09161,Ingolstadt,DE.BY.IG,Bayern,11.395006923248104,48.7550927640177,65803.89439291252,-249136.31683659018,133518743.13184534
09162,München,DE.BY.MU,Bayern,11.547244183928148,48.153213186947106,77951.76657140796,-315921.84051275015,311683426.1437904
09163,Rosenheim,DE.BY.RH,Bayern,12.108724804330015,47.84437776233926,120488.05052210925,-349517.84436905454,36484606.48027724
09171,Altötting,DE.BY.AT,Bayern,12.705282700813902,48.209804445119275,163934.6194587225,-307731.7765321384,569798900.2719653
09172,Berchtesgadener Land,DE.BY.BL,Bayern,12.901866097535788,47.69847234288574,180416.2088518842,-364154.4674677097,841042769.0722743
09173,Bad Tölz-Wolfratshausen,DE.BY.BW,Bayern,11.483115386257902,47.727477113287335,73804.67868790402,-363383.56929918466,1113547273.1735651
09174,Dachau,DE.BY.DC,Bayern,11.357112757055427,48.33454823233665,63565.44761336752,-295937.62147588975,579823409.4754771
09175,Ebersberg,DE.BY.EE,Bayern,11.913172140476899,48.07617763179251,105353.08479120981,-324040.6182934272,550366360.6120884
09176,Eichstätt,DE.BY.EC,Bayern,11.370387277541171,48.89808755327596,63806.85482598187,-233254.06080167968,1213935627.25274
09177,Erding,DE.BY.ED,Bayern,12.000624690819416,48.30039710975645,111358.29370289014,-298971.4095856512,871248384.9676999
09178,Freising,DE.BY.FE,Bayern,11.740671671371645,48.44735696306797,91779.39286104353,-282994.20908784453,798751655.798909
09179,Fürstenfeldbruck,DE.BY.FF,Bayern,11.20107763025289,48.18779331807447,52147.93998424241,-312381.34640224243,435003298.3926375
09180,Garmisch-Partenkirchen,DE.BY.GP,Bayern,11.129628609264762,47.556348998438715,47435.19510556979,-382695.51710282895,1013720419.3657144
09181,Landsberg am Lech,DE.BY.LL,Bayern,10.948734724360511,48.02443540126682,33487.74672329983,-330714.9270771971,804504599.9942383
09182,Miesbach,DE.BY.ME,Bayern,11.80898971805269,47.74164539397909,98252.49587018478,-361406.00902360515,868238906.5082632
09183,Mühldorf am Inn,DE.BY.MI,Bayern,12.381828069587105,48.23931451987283,139797.98604575385,-305116.50189824303,805726047.0956986
09184,München,DE.BY.MU,Bayern,11.631368032170089,48.07447442444139,84345.17937037298,-324606.2725854948,664626690.8602421
09185,Neuburg-Schrobenhausen,DE.BY.NS,Bayern,11.197210699912945,48.66442029867844,51369.19373349326,-259384.69320059943,740090100.8777156
09186,Pfaffenhofen an der Ilm,DE.BY.PI,Bayern,11.524282695392541,48.596275154028476,75540.2896549719,-266687.4578168878,760970392.2095733
09187,Rosenheim,DE.BY.RH,Bayern,12.162753953525568,47.87837975062735,124443.9538274807,-345672.27497164934,1442762367.1893866
09188,Starnberg,DE.BY.SA,Bayern,11.281732689204299,48.006046987157816,58362.8456573137,-332546.77924579306,487393825.2179029
09189,Traunstein,DE.BY.TA,Bayern,12.57957510049191,47.894542779922645,155587.0085253599,-343084.2517725899,1535188482.2298086
09190,Weilheim-Schongau,DE.BY.WS,Bayern,11.048336508345018,47.787537019789255,41110.44663904349,-357001.6328330493,968870200.2979635
09261,Landshut,DE.BY.LH,Bayern,12.159341598398022,48.5446699707511,122517.86301967909,-271553.208740935,66250786.04192629
09262,Passau,DE.BY.PL,Bayern,13.415050384387541,48.58209842578914,215035.99985987597,-264510.41517425067,70267711.8276303
09263,Straubing,DE.BY.ST,Bayern,12.573474842004684,48.88075446175646,152037.770311464,-233419.78211169236,67457525.12251596
09271,Deggendorf,DE.BY.DG,Bayern,13.0007257271749,48.778702147347836,183743.95834061896,-243794.244956199,860972760.8173085
09272,Freyung-Grafenau,DE.BY.FG,Bayern,13.51321004367484,48.82685815887117,221167.46484962184,-237023.91164973564,984063221.9554101
09273,Kelheim,DE.BY.KE,Bayern,11.857554373983001,48.824941429151664,99663.65451505044,-240870.70786957748,1064287137.7029676
09274,Landshut,DE.BY.LH,Bayern,12.195392402742446,48.55775541453353,125170.66632408452,-270056.1010466214,1347752003.6510177
09275,Passau,DE.BY.PL,Bayern,13.366603570802198,48.55863046246755,211540.33362486918,-267270.307948246,1529971591.7433052
09276,Regen,DE.BY.RE,Bayern,13.099763796677024,49.022814400506,190064.606917394,-216408.03803703777,974357687.8400767
09277,Rottal-Inn,DE.BY.RI,Bayern,12.867350418652185,48.42451987798326,175221.1457097251,-283483.6270616778,1281514876.3971107
09278,Straubing-Bogen,DE.BY.SB,Bayern,12.582403969513715,48.89970503002504,152605.78359927933,-231306.97174677445,1200748022.9183824
09279,Dingolfing-Landau,DE.BY.DL,Bayern,12.610477103323001,48.64116462185784,155515.0667317362,-259973.97695125418,877492330.8640667
09361,Amberg,DE.BY.AM,Bayern,11.845372590424596,49.45092770598646,97497.30903381984,-171282.36175690748,50385911.514676146
09362,Regensburg,DE.BY.RL,Bayern,12.113730935010704,49.01308089149747,118011.04642856361,-219556.43998939384,79637320.40128882
09363,Weiden in der Oberpfalz,DE.BY.WO,Bayern,12.154533982148669,49.66924957051876,119353.33355270675,-146562.63091809285,70519458.81418177
09371,Amberg-Sulzbach,DE.BY.AS,Bayern,11.800953199377908,49.486751146719335,94221.87600692261,-167376.8640362663,1253713574.5886014
09372,Cham,DE.BY.CA,Bayern,12.695479472268378,49.237065111859025,159795.88713101164,-193563.0761957136,1519654294.951683
09373,Neumarkt in der Oberpfalz,DE.BY.NO,Bayern,11.566557884067395,49.21596146678015,77677.55881462329,-197740.10327670214,1343634946.122603
09374,Neustadt an der Waldnaab,DE.BY.NW,Bayern,12.09825735489002,49.68658289388627,115282.43120195939,-144708.22267529398,1426346512.2677853
09375,Regensburg,DE.BY.RL,Bayern,12.121161195941609,49.02134333118089,118554.96495016474,-218626.53834230866,1392557928.302279
09376,Schwandorf,DE.BY.SD,Bayern,12.253084767243221,49.36803338869106,127240.35353097263,-179887.96882179886,1463159953.718996
09377,Tirschenreuth,DE.BY.TR,Bayern,12.200341816431731,49.89938898234743,122065.13282207774,-120906.89808227733,1083038129.8921618
09461,Bamberg,DE.BY.BM,Bayern,10.898936323939154,49.887222111138676,28649.187757622385,-123600.1663798307,54860137.62027481
09462,Bayreuth,DE.BY.BY,Bayern,11.584672788699159,49.93774275979864,77808.44941942078,-117488.63468245298,66897470.11347692
09463,Coburg,DE.BY.CL,Bayern,10.964438660886044,50.26395157990027,33088.60541071386,-81701.00648806572,48068459.491611704
09464,Hof,DE.BY.HL,Bayern,11.897263136436816,50.31079568953108,99441.12785788595,-75654.64607310189,58117640.38269168
09471,Bamberg,DE.BY.BM,Bayern,10.88366375534412,49.89342864122773,27527.04580210153,-122913.58124552532,1165420670.7318225
09472,Bayreuth,DE.BY.BY,Bayern,11.55515571115878,49.883761075511096,75752.57119977758,-123534.02808479391,1271855559.793453
09473,Coburg,DE.BY.CL,Bayern,10.942326113398725,50.267889515988976,31510.243443299252,-81277.26867134332,589960433.8438362
09474,Forchheim,DE.BY.FR,Bayern,11.173131973808156,49.72099687671248,48508.07486909813,-141935.30539601302,642094640.4867979
09475,Hof,DE.BY.HL,Bayern,11.819192833352933,50.273211985401545,93963.8093580455,-79936.6489818207,892019984.5607638
09476,Kronach,DE.BY.KO,Bayern,11.372046634678437,50.32796319769374,62038.449400288046,-74338.5978799164,650390399.0764084
09477,Kulmbach,DE.BY.KB,Bayern,11.48229911988387,50.102642044585885,70209.2573851962,-99274.04910829852,656994048.3144294
09478,Lichtenfels,DE.BY.LC,Bayern,11.11692163655325,50.10933047862544,44095.72770574783,-98805.04088336417,518948530.48391926
09479,Wunsiedel im Fichtelgebirge,DE.BY.WF,Bayern,12.041872125012855,50.090140510587,110243.88977726447,-99970.6962039602,605265165.5889778
09561,Ansbach,DE.BY.AN,Bayern,10.563669386247764,49.29218461704337,4629.981950922336,-189819.54692258546,99736661.612564
09562,Erlangen,DE.BY.EL,Bayern,10.978144933163096,49.582329229624996,34557.84674767593,-157456.19048948455,77911515.7322409
09563,Fürth,DE.BY.FL,Bayern,10.965482223346292,49.491418796765416,33706.27129247132,-167567.1322167343,63239970.59838964
09564,Nürnberg,DE.BY.NR,Bayern,11.082755334491047,49.436211490095914,42247.64550543579,-173646.6034219227,187470331.87733388
09565,Schwabach,DE.BY.SH,Bayern,11.023512547559683,49.335620582404495,38031.91240862295,-184857.55908349267,40675654.17580387
09571,Ansbach,DE.BY.AN,Bayern,10.468133375306024,49.24816461972393,-2315.8331822437985,-194728.73802300802,1971369909.8304906
09572,Erlangen-Höchstadt,DE.BY.EH,Bayern,10.914893355400158,49.64004084563953,29972.84491140522,-151068.65482117358,563925485.9457215
09573,Fürth,DE.BY.FL,Bayern,10.849686498561839,49.44669050880731,25348.02430626267,-172587.11779930655,306850976.3135595
09574,Nürnberger Land,DE.BY.NL,Bayern,11.369406481256817,49.49190394973967,62943.653522225075,-167258.35404746508,796932760.618152
09575,Neustadt an der Aisch-Bad Windsheim,DE.BY.NA,Bayern,10.465291681597819,49.569483619808636,-2516.4405315783324,-158994.71123511405,1266381421.272471
09576,Roth,DE.BY.RT,Bayern,11.123565417257453,49.20291709328373,45444.13683352415,-199562.95823246753,894420423.2095656
09577,Weißenburg-Gunzenhausen,DE.BY.WG,Bayern,10.893659140076249,49.03268584397251,28783.237181925313,-218599.246158666,969856318.9934332
09661,Aschaffenburg,DE.BY.AL,Bayern,9.145811919137385,49.96385607465431,-97085.48272771398,-114266.39202547884,61882369.69624758
09662,Schweinfurt,DE.BY.SL,Bayern,10.22089199602399,50.04700813428273,-19976.841266987285,-105880.38226435495,35416975.87198115
09663,Würzburg,DE.BY.WR,Bayern,9.940896074893192,49.784655415507785,-40237.35621219509,-134927.0122917233,87663182.51465975
09671,Aschaffenburg,DE.BY.AL,Bayern,9.238037542641331,50.008093065398675,-90384.35585458759,-109473.5873354024,698147213.0191671
09672,Bad Kissingen,DE.BY.BK,Bayern,9.964701201868069,50.22251393435215,-38163.75520160739,-86274.12626545399,1135867515.4434102
09673,Rhön-Grabfeld,DE.BY.RG,Bayern,10.254907581342886,50.371312734108194,-17399.86636075011,-69845.60838992707,1019894833.0383775
09674,Haßberge,DE.BY.HB,Bayern,10.60697884388701,50.06287892944276,7650.988989963258,-104161.00603664573,955022083.9472125
09675,Kitzingen,DE.BY.KT,Bayern,10.256062429794397,49.75322540522318,-17570.20428629568,-138548.22121208627,682983421.9968463
09676,Miltenberg,DE.BY.ML,Bayern,9.234716570933655,49.75729057764392,-91109.93147082136,-137351.90083431394,714170706.6424341
09677,Main-Spessart,DE.BY.MS,Bayern,9.662681654813005,49.993582259072724,-59995.31548430185,-111530.50178569488,1319931879.0574536
09678,Schweinfurt,DE.BY.SL,Bayern,10.259950317764458,50.016881783192446,-17187.115900169534,-109249.6884656978,840270472.2101051
09679,Würzburg,DE.BY.WR,Bayern,9.927363351356798,49.73762662636137,-41249.873530104305,-140169.94496311233,965923533.6272556
09761,Augsburg,DE.BY.AG,Bayern,10.885505350146278,48.34557085280737,28581.886064079463,-295008.2323165252,146546956.64162672
09762,Kaufbeuren,DE.BY.KU,Bayern,10.616096758675905,47.87992861842827,8689.608437816274,-346873.29567884165,40507792.61905402
09763,Kempten (Allgäu),DE.BY.KM,Bayern,10.308118450408625,47.73818418764521,-14403.144462885057,-362633.220015222,63309341.23903542
09764,Memmingen,DE.BY.MM,Bayern,10.16302762381568,47.9787874318772,-25173.469822605643,-335825.01501272083,69986030.17162456
09771,Aichach-Friedberg,DE.BY.AF,Bayern,11.05275552518972,48.42757014951636,40911.59557909153,-285827.29183891654,780084145.253211
09772,Augsburg,DE.BY.AG,Bayern,10.732084533823095,48.35428720628033,17196.27568169468,-294118.5174455868,1072009008.4028163
09773,Dillingen an der Donau,DE.BY.DD,Bayern,10.527764191209332,48.59640378868905,2048.5385786002325,-267184.5453031649,791646978.16977
09774,Günzburg,DE.BY.GN,Bayern,10.381131258689274,48.35281384253136,-8804.052146900753,-294280.92442613264,763844870.1468085
09775,Neu-Ulm,DE.BY.NU,Bayern,10.141155839470146,48.298226554025824,-26625.187640345026,-300296.2253112305,516016038.55045867
09776,Lindau (Bodensee),DE.BY.LN,Bayern,9.882861366356407,47.605164966974726,-46452.91515080084,-377255.3442090346,323801887.23444414
09777,Ostallgäu,DE.BY.OT,Bayern,10.6397316357203,47.76995909184542,10489.477302360041,-359148.5220755988,1395661460.3850384
09778,Unterallgäu,DE.BY.UT,Bayern,10.389232804144962,48.03981306154275,-8281.222614165039,-329094.1909388214,1231118796.8809755
09779,Donau-Ries,DE.BY.DR,Bayern,10.71234418039329,48.806932052540084,15623.828220792002,-243761.23009693576,1274097679.430287
09780,Oberallgäu,DE.BY.OE,Bayern,10.258622892390656,47.57270756751695,-18181.789050245898,-381076.6340021885,1531480375.491208
10041,Regionalverband Saarbrücken,DE.SL.SB,Saarland,6.957296436378645,49.25138237148057,-257721.85039103957,-188149.8260824207,411239540.671795
10042,Merzig-Wadern,DE.SL.MW,Saarland,6.680484798677651,49.495764577987906,-276434.62661532295,-160002.31382528617,556123868.6431918
10043,Neunkirchen,DE.SL.NU,Saarland,7.117203210630841,49.37570163391432,-245456.63743773793,-174888.25935096046,247954515.9214921
10044,Saarlouis,DE.SL.SA,Saarland,6.775543400195829,49.355341565784116,-270353.7075785317,-175956.35178620362,458651669.7507859
10045,Saarpfalz-Kreis,DE.SL.SP,Saarland,7.242221123090992,49.24869932055951,-237025.8181761163,-189413.5629724278,418727663.33070606
10046,St. Wendel,DE.SL.SW,Saarland,7.100433300010712,49.519573075918196,-245931.99558382077,-158859.72467485061,475951989.1989494
11000,Berlin,DE.BE.BR,Berlin,13.40185015981602,52.501531588283065,196879.69213692215,170803.885317645,890640824.3957157
12051,Brandenburg an der Havel,DE.BB.BH,Brandenburg,12.519333726474123,52.4027150813369,137315.74370128522,157815.22954968025,228973623.00553077
12052,Cottbus,DE.BB.CT,Brandenburg,14.366219012537602,51.77269295681821,266505.1882469451,92891.55318621315,164770691.56065172
12053,Frankfurt (Oder),DE.BB.FA,Brandenburg,14.49034870469078,52.32476307898501,271724.0894569651,154635.33132274987,147612040.83498463
12054,Potsdam,DE.BB.PT,Brandenburg,13.028549224070058,52.42617847953878,171847.57328137296,161491.85376899433,186851145.49779293
12060,Barnim,DE.BB.BR,Brandenburg,13.703731122531224,52.8232279843861,215762.49677001833,207374.26712036625,1479302011.0350003
12061,Dahme-Spreewald,DE.BB.DS,Brandenburg,13.819940884164996,52.0423069192874,227554.67248351735,120961.24971281747,2272256386.2678137
12062,Elbe-Elster,DE.BB.EE,Brandenburg,13.459588891550794,51.61227102107659,204777.87770398584,72162.17710915377,1896754250.2218952
12063,Havelland,DE.BB.HV,Brandenburg,12.628346816075554,52.62082083600766,144042.82089406767,182286.71329694256,1725230935.7375531
12064,Märkisch-Oderland,DE.BB.MO,Brandenburg,14.146464317740861,52.60672382704298,246789.50022581624,184734.9259019788,2154878532.356329
12065,Oberhavel,DE.BB.OE,Brandenburg,13.205302172620755,52.90683261437964,181891.65018148144,215286.39705650287,1806286760.3153324
12066,Oberspreewald-Lausitz,DE.BB.OL,Brandenburg,13.943617329235954,51.616300547964066,238196.25212054662,74034.69738154628,1220721432.641194
12067,Oder-Spree,DE.BB.OS,Brandenburg,14.219059402520555,52.24400853967874,253772.4128680304,144700.01868913803,2253722185.093593
12068,Ostprignitz-Ruppin,DE.BB.OR,Brandenburg,12.635958923178627,52.99142310163103,143356.3177248413,223458.01691662203,2523662070.1936812
12069,Potsdam-Mittelmark,DE.BB.PM,Brandenburg,12.68914348401982,52.246294695138815,149371.6279526628,140744.88439504622,2588901258.11223
12070,Prignitz,DE.BB.PI,Brandenburg,11.961826977024348,53.1093267436816,97846.4505494413,235488.66304398558,2137232434.7415118
12071,Spree-Neiße,DE.BB.SN,Brandenburg,14.433128566643468,51.75859323372097,271187.7955295245,91542.09571769786,1654197444.4227781
12072,Teltow-Fläming,DE.BB.TF,Brandenburg,13.276018213116926,52.07318431381179,190130.40292553467,122848.31207293847,2100181659.8380525
12073,Uckermark,DE.BB.UK,Brandenburg,13.861298679330853,53.205903076316105,224445.9566212855,250391.0698113983,3073837232.3362083
13003,Rostock,DE.MV.RL,Mecklenburg-Vorpommern,12.141747141913841,54.14638837810206,107310.80215808014,351133.73259383667,174809077.36832333
13004,Schwerin,DE.MV.SH,Mecklenburg-Vorpommern,11.416530020269805,53.621510000926136,60643.33326369424,291884.6430464124,130066934.92248146
13071,Mecklenburgische Seenplatte,DE.MV.MS,Mecklenburg-Vorpommern,13.002460611935312,53.54369275981005,165820.87991340016,285640.2345678715,5494868054.7436905
13072,Rostock,DE.MV.RL,Mecklenburg-Vorpommern,12.220833843469908,53.91204552499545,113124.73603248308,325160.09999971295,3431365826.4517937
13073,Vorpommern-Rügen,DE.MV.VR,Mecklenburg-Vorpommern,12.991525479137255,54.284202947633524,162258.05555934485,368031.87741142215,3168767451.655328
13074,Nordwestmecklenburg,DE.MV.NR,Mecklenburg-Vorpommern,11.252109462846066,53.82151224549492,49517.34810312179,314029.40605467354,2125490669.8021765
13075,Vorpommern-Greifswald,DE.MV.VG,Mecklenburg-Vorpommern,13.780696352032898,53.78951112868629,216316.51677884834,314967.5517010515,3802461993.7684646
13076,Ludwigslust-Parchim,DE.MV.LP,Mecklenburg-Vorpommern,11.534141579371118,53.450047038297136,68650.49823445601,272935.54938922456,4766176846.537072
14511,Chemnitz,DE.SN.CE,Sachsen,12.911829936851463,50.82630366849094,169748.87141452252,-16521.56948145215,220749624.78512567
14521,Erzgebirgskreis,DE.SN.EZ,Sachsen,12.945072501864662,50.60889841305302,172861.73124186526,-40590.70572327158,1823940402.2783773
14522,Mittelsachsen,DE.SN.MT,Sachsen,13.13750677925743,50.95581665710625,185156.72523435723,-1604.5338274346595,2110371157.6543772
14523,Vogtlandkreis,DE.SN.VG,Sachsen,12.234999651878763,50.45679298219953,123095.46251941659,-58932.94283302134,1409826556.0935798
14524,Zwickau,DE.SN.ZI,Sachsen,12.525805549351208,50.75077482407549,142810.99007257787,-25742.289539945126,947776811.9479157
14612,Dresden,DE.SN.DE,Sachsen,13.783449085855978,51.066444311980284,229867.4644058719,12517.284796983933,327352755.7096245
14625,Bautzen,DE.SN.BU,Sachsen,14.23100849807029,51.268913576104964,260034.1087955784,36471.970762586716,2391031714.1588516
14626,Görlitz,DE.SN.GR,Sachsen,14.750796802632387,51.22561775825491,296516.0065643173,33567.82121395211,2107279829.3286157
14627,Meißen,DE.SN.MI,Sachsen,13.48290061698102,51.23939776718915,208056.82074828946,30818.39873163962,1455011847.8116138
14628,Sächsische Schweiz-Osterzgebirge,DE.SN.SS,Sachsen,13.873433926785559,50.916717909854626,236912.17355336365,-3809.0505910111415,1650573437.6687415
14713,Leipzig,DE.SN.LL,Sachsen,12.374771795289169,51.34223861771969,130495.49198820554,39699.924450201055,298471467.69042015
14729,Leipzig,DE.SN.LL,Sachsen,12.599490878485943,51.22143668071228,146500.95633631654,26692.322308416584,1648423682.704373
14730,Nordsachsen,DE.SN.NR,Sachsen,12.779396789437351,51.47286510181058,158226.11906771807,55024.325407398646,2023605327.7521417
15001,Dessau-Roßlau,DE.ST.DR,Sachsen-Anhalt,12.231055893799166,51.85373802993762,119156.77932523462,96292.03641173961,245818190.627866
15002,Halle (Saale),DE.ST.HA,Sachsen-Anhalt,11.968496766456353,51.479801884371334,101917.05666044717,54345.16556161094,135501009.88598457
15003,Magdeburg,DE.ST.MG,Sachsen-Anhalt,11.641481947860708,52.11659759762163,78124.2590720082,124720.98906790346,200167908.0221075
15081,Altmarkkreis Salzwedel,DE.ST.AS,Sachsen-Anhalt,11.227045294963489,52.68004811002568,49157.566055632065,186988.5754466746,2301129843.675067
15082,Anhalt-Bitterfeld,DE.ST.AB,Sachsen-Anhalt,12.143202046468103,51.795444993166846,113273.11788582173,89636.77788770614,1458233543.7857838
15083,Börde,DE.ST.BR,Sachsen-Anhalt,11.347838403261745,52.22071230970985,57883.208744161784,135996.95740890107,2373750710.6701846
15084,Burgenlandkreis,DE.ST.BG,Sachsen-Anhalt,11.883422462063974,51.14722563813829,96735.77652505653,17283.712358882956,1416162106.0467582
15085,Harz,DE.ST.HR,Sachsen-Anhalt,10.958543785135458,51.82129592191417,31608.167398748676,91372.07946282264,2104111751.0970042
15086,Jerichower Land,DE.ST.JL,Sachsen-Anhalt,12.026518813717326,52.26078982626985,104117.23619801749,141201.14634158235,1586990127.0268319
15087,Mansfeld-Südharz,DE.ST.MS,Sachsen-Anhalt,11.35635849778237,51.53569016141197,59355.334535295035,59894.15248658404,1453596246.9538047
15088,Saalekreis,DE.ST.SL,Sachsen-Anhalt,11.86547406790605,51.425671108388414,94867.29915856895,48181.68507385828,1437510377.9476807
15089,Salzlandkreis,DE.ST.SZ,Sachsen-Anhalt,11.64272555204579,51.851859251260834,78661.76832121257,95286.78136943278,1432438240.3839595
15090,Stendal,DE.ST.SE,Sachsen-Anhalt,11.83953429773729,52.69677816377389,90512.87894435671,189418.71921693228,2434067979.8823223
15091,Wittenberg,DE.ST.WT,Sachsen-Anhalt,12.701588174604742,51.82014009390327,151670.23909699754,93434.80068586132,1939592753.2140841
16051,Erfurt,DE.TH.EF,Thüringen,11.020224754556299,50.98325266636222,36496.74591341241,-1733.823959341893,269941354.18603164
16052,Gera,DE.TH.GR,Thüringen,12.082696220572501,50.894017035163046,111241.2876278717,-10586.065814916357,151980478.50050175
16053,Jena,DE.TH.JN,Thüringen,11.587011373283667,50.924263802308765,76355.71450971573,-7854.491979300419,114661802.61490719
16054,Suhl,DE.TH.SU,Thüringen,10.688177542539625,50.61160288545662,13306.688706297638,-43149.26499451258,102236503.84467283
16055,Weimar,DE.TH.WI,Thüringen,11.317872198719261,50.978347200801984,57384.84116028617,-2088.6388392466333,84256905.68747123
16056,Eisenach,DE.TH.ES,Thüringen,10.300102275142347,50.98967606833257,-14022.832519008727,-1128.4684719669913,104285695.35727023
16061,Eichsfeld,DE.TH.EC,Thüringen,10.253485382756393,51.38364918456829,-17166.273549358008,42663.64738095031,940763161.814592
16062,Nordhausen,DE.TH.NR,Thüringen,10.730906812371575,51.50227795846583,16014.886988989332,55848.87032685774,712861390.1668748
16063,Wartburgkreis,DE.TH.WR,Thüringen,10.210703910613038,50.88580170080212,-20374.748231422724,-12683.90389324663,1303803127.813417
16064,Unstrut-Hainich-Kreis,DE.TH.UH,Thüringen,10.551795574729999,51.18523870356277,3626.4863702208268,20592.17215485913,977316573.5288781
16065,Kyffhäuserkreis,DE.TH.KF,Thüringen,10.984833210560438,51.32476303632502,33763.452439025714,36229.27976796008,1036031418.7358335
16066,Schmalkalden-Meiningen,DE.TH.SM,Thüringen,10.405043415559486,50.63070765993051,-6718.388499977094,-41053.03373888445,1208835607.3247538
16067,Gotha,DE.TH.GT,Thüringen,10.693762680671215,50.91066058253912,13607.738574535357,-9925.020532581862,934260506.6096807
16068,Sömmerda,DE.TH.SD,Thüringen,11.154751254700981,51.1578080616529,45755.85452058843,17744.54061766688,805391315.5442214
16069,Hildburghausen,DE.TH.HL,Thüringen,10.734090436661512,50.43400274694625,16607.98852258732,-62892.99291378017,936090718.6514152
16070,Ilm-Kreis,DE.TH.IK,Thüringen,10.966357457952808,50.73793378120764,32882.102627628745,-29037.048360989244,841849461.9198626
16071,Weimarer Land,DE.TH.WL,Thüringen,11.373553313039478,50.97157199387653,61284.09074794798,-2804.7120523947165,802850597.9663877
16072,Sonneberg,DE.TH.SN,Thüringen,11.1329526240333,50.414630582558516,44953.65849949879,-64871.246124072524,432362970.6668197
16073,Saalfeld-Rudolstadt,DE.TH.SR,Thüringen,11.309116254100799,50.637797967188206,57186.79991036675,-39950.373677715485,1034503917.7585498
16074,Saale-Holzland-Kreis,DE.TH.SH,Thüringen,11.731530817368293,50.90417213372402,86528.30913036948,-9934.024020770343,813953875.579565
16075,Saale-Orla-Kreis,DE.TH.SO,Thüringen,11.710573750657025,50.580848019801124,85659.3321806763,-45902.44530960298,1149615065.2715647
16076,Greiz,DE.TH.GE,Thüringen,12.07407066171938,50.74845953552324,110981.47441543134,-26784.751466110312,844863926.8714186
16077,Altenburger Land,DE.TH.AL,Thüringen,12.399131383705527,50.95642468301568,133297.15853632224,-3127.0374247376544,568416742.4772599
